,Date,Value
0,2010/1/4,-1.2851617
1,2010/1/5,-1.2861065
2,2010/1/6,-1.287051
3,2010/1/7,-1.2879953
4,2010/1/8,-1.2889395
5,2010/1/11,-1.2917714
6,2010/1/12,-1.2927155
7,2010/1/13,-1.2936591
8,2010/1/14,-1.2946029
9,2010/1/15,-1.2955462
10,2010/1/19,-1.2993189
11,2010/1/20,-1.3002619
12,2010/1/21,-1.3012047
13,2010/1/22,-1.3021476
14,2010/1/25,-1.3049748
15,2010/1/26,-1.3059173
16,2010/1/27,-1.3068595
17,2010/1/28,-1.3078015
18,2010/1/29,-1.3087431
19,2010/2/1,-1.3115685
20,2010/2/2,-1.3125099
21,2010/2/3,-1.3134515
22,2010/2/4,-1.3143928
23,2010/2/5,-1.3153341
24,2010/2/8,-1.3181572
25,2010/2/9,-1.3190982
26,2010/2/10,-1.3200386
27,2010/2/11,-1.3209795
28,2010/2/12,-1.32192
29,2010/2/16,-1.325681
30,2010/2/17,-1.326621
31,2010/2/18,-1.3275609
32,2010/2/19,-1.3285009
33,2010/2/22,-1.3313197
34,2010/2/23,-1.332259
35,2010/2/24,-1.3331988
36,2010/2/25,-1.334138
37,2010/2/26,-1.335077
38,2010/3/1,-1.3378942
39,2010/3/2,-1.338833
40,2010/3/3,-1.3397715
41,2010/3/4,-1.3407104
42,2010/3/5,-1.3416487
43,2010/3/8,-1.3444638
44,2010/3/9,-1.3454019
45,2010/3/10,-1.3463402
46,2010/3/11,-1.3472781
47,2010/3/12,-1.3482162
48,2010/3/15,-1.351029
49,2010/3/16,-1.3519669
50,2010/3/17,-1.3529043
51,2010/3/18,-1.3538417
52,2010/3/19,-1.354779
53,2010/3/22,-1.3575906
54,2010/3/23,-1.3585273
55,2010/3/24,-1.3594644
56,2010/3/25,-1.3604009
57,2010/3/26,-1.3613379
58,2010/3/29,-1.3641473
59,2010/3/30,-1.3650836
60,2010/3/31,-1.3660201
61,2010/4/1,-1.3669562
62,2010/4/5,-1.3707005
63,2010/4/6,-1.371636
64,2010/4/7,-1.3725718
65,2010/4/8,-1.3735075
66,2010/4/9,-1.3744432
67,2010/4/12,-1.3772496
68,2010/4/13,-1.3781844
69,2010/4/14,-1.37912
70,2010/4/15,-1.380055
71,2010/4/16,-1.38099
72,2010/4/19,-1.3837948
73,2010/4/20,-1.3847293
74,2010/4/21,-1.3856641
75,2010/4/22,-1.3865986
76,2010/4/23,-1.3875332
77,2010/4/26,-1.390336
78,2010/4/27,-1.3912704
79,2010/4/28,-1.3922048
80,2010/4/29,-1.3931386
81,2010/4/30,-1.3940725
82,2010/5/3,-1.3968731
83,2010/5/4,-1.3978066
84,2010/5/5,-1.3987403
85,2010/5/6,-1.3996739
86,2010/5/7,-1.4006073
87,2010/5/10,-1.4034073
88,2010/5/11,-1.4043404
89,2010/5/12,-1.4052736
90,2010/5/13,-1.4062066
91,2010/5/14,-1.4071394
92,2010/5/17,-1.409938
93,2010/5/18,-1.4108707
94,2010/5/19,-1.4118034
95,2010/5/20,-1.4127359
96,2010/5/21,-1.4136682
97,2010/5/24,-1.4164654
98,2010/5/25,-1.4173975
99,2010/5/26,-1.4183296
100,2010/5/27,-1.4192617
101,2010/5/28,-1.4201938
102,2010/6/1,-1.4239209
103,2010/6/2,-1.4248526
104,2010/6/3,-1.4257841
105,2010/6/4,-1.4267159
106,2010/6/7,-1.4295101
107,2010/6/8,-1.4304411
108,2010/6/9,-1.4313725
109,2010/6/10,-1.4323034
110,2010/6/11,-1.4332345
111,2010/6/14,-1.4360275
112,2010/6/15,-1.4369583
113,2010/6/16,-1.4378891
114,2010/6/17,-1.4388198
115,2010/6/18,-1.4397503
116,2010/6/21,-1.4425418
117,2010/6/22,-1.4434721
118,2010/6/23,-1.4444026
119,2010/6/24,-1.4453328
120,2010/6/25,-1.4462631
121,2010/6/28,-1.449053
122,2010/6/29,-1.4499831
123,2010/6/30,-1.450913
124,2010/7/1,-1.4518427
125,2010/7/2,-1.4527726
126,2010/7/6,-1.456491
127,2010/7/7,-1.4574203
128,2010/7/8,-1.4583497
129,2010/7/9,-1.4592791
130,2010/7/12,-1.4620667
131,2010/7/13,-1.4629958
132,2010/7/14,-1.4639249
133,2010/7/15,-1.4648538
134,2010/7/16,-1.4657826
135,2010/7/19,-1.4685692
136,2010/7/20,-1.4694977
137,2010/7/21,-1.4704263
138,2010/7/22,-1.471355
139,2010/7/23,-1.4722836
140,2010/7/26,-1.4750687
141,2010/7/27,-1.475997
142,2010/7/28,-1.4769254
143,2010/7/29,-1.4778533
144,2010/7/30,-1.4787816
145,2010/8/2,-1.4815655
146,2010/8/3,-1.4824934
147,2010/8/4,-1.483421
148,2010/8/5,-1.4843489
149,2010/8/6,-1.4852767
150,2010/8/9,-1.4880593
151,2010/8/10,-1.4889868
152,2010/8/11,-1.4899142
153,2010/8/12,-1.4908417
154,2010/8/13,-1.491769
155,2010/8/16,-1.4945505
156,2010/8/17,-1.4954776
157,2010/8/18,-1.4964046
158,2010/8/19,-1.4973315
159,2010/8/20,-1.4982586
160,2010/8/23,-1.501039
161,2010/8/24,-1.5019658
162,2010/8/25,-1.5028924
163,2010/8/26,-1.503819
164,2010/8/27,-1.5047456
165,2010/8/30,-1.5075247
166,2010/8/31,-1.5084511
167,2010/9/1,-1.5093775
168,2010/9/2,-1.5103036
169,2010/9/3,-1.51123
170,2010/9/7,-1.5149342
171,2010/9/8,-1.51586
172,2010/9/9,-1.5167859
173,2010/9/10,-1.5177116
174,2010/9/13,-1.5204887
175,2010/9/14,-1.5214143
176,2010/9/15,-1.5223397
177,2010/9/16,-1.5232655
178,2010/9/17,-1.5241907
179,2010/9/20,-1.5269668
180,2010/9/21,-1.527892
181,2010/9/22,-1.5288172
182,2010/9/23,-1.5297422
183,2010/9/24,-1.5306673
184,2010/9/27,-1.5334423
185,2010/9/28,-1.5343671
186,2010/9/29,-1.5352921
187,2010/9/30,-1.5362167
188,2010/10/1,-1.5371416
189,2010/10/4,-1.5399154
190,2010/10/5,-1.5408399
191,2010/10/6,-1.5417643
192,2010/10/7,-1.5426887
193,2010/10/8,-1.5436132
194,2010/10/11,-1.5463858
195,2010/10/12,-1.54731
196,2010/10/13,-1.5482339
197,2010/10/14,-1.549158
198,2010/10/15,-1.5500821
199,2010/10/18,-1.5528538
200,2010/10/19,-1.5537777
201,2010/10/20,-1.5547013
202,2010/10/21,-1.555625
203,2010/10/22,-1.5565488
204,2010/10/25,-1.5593193
205,2010/10/26,-1.5602428
206,2010/10/27,-1.5611662
207,2010/10/28,-1.5620896
208,2010/10/29,-1.5630128
209,2010/11/1,-1.5657825
210,2010/11/2,-1.5667055
211,2010/11/3,-1.5676286
212,2010/11/4,-1.5685517
213,2010/11/5,-1.5694745
214,2010/11/8,-1.5722432
215,2010/11/9,-1.5731661
216,2010/11/10,-1.5740886
217,2010/11/11,-1.5750114
218,2010/11/12,-1.5759338
219,2010/11/15,-1.5787014
220,2010/11/16,-1.5796238
221,2010/11/17,-1.5805463
222,2010/11/18,-1.5814686
223,2010/11/19,-1.582391
224,2010/11/22,-1.585157
225,2010/11/23,-1.5860792
226,2010/11/24,-1.5870014
227,2010/11/26,-1.5888453
228,2010/11/29,-1.5916108
229,2010/11/30,-1.5925324
230,2010/12/1,-1.5934542
231,2010/12/2,-1.5943756
232,2010/12/3,-1.5952973
233,2010/12/6,-1.5980617
234,2010/12/7,-1.5989829
235,2010/12/8,-1.5999044
236,2010/12/9,-1.6008258
237,2010/12/10,-1.6017468
238,2010/12/13,-1.6045104
239,2010/12/14,-1.6054313
240,2010/12/15,-1.6063523
241,2010/12/16,-1.6072733
242,2010/12/17,-1.608194
243,2010/12/20,-1.6109564
244,2010/12/21,-1.6118773
245,2010/12/22,-1.6127977
246,2010/12/23,-1.6137185
247,2010/12/27,-1.6174004
248,2010/12/28,-1.6183207
249,2010/12/29,-1.619241
250,2010/12/30,-1.6201599
251,2010/12/31,-1.6210802
252,2011/1/3,-1.6238401
253,2011/1/4,-1.6247604
254,2011/1/5,-1.6256801
255,2011/1/6,-1.6266001
256,2011/1/7,-1.6275198
257,2011/1/10,-1.6302791
258,2011/1/11,-1.6311986
259,2011/1/12,-1.6321186
260,2011/1/13,-1.6330378
261,2011/1/14,-1.6339575
262,2011/1/18,-1.6376348
263,2011/1/19,-1.6385542
264,2011/1/20,-1.6394731
265,2011/1/21,-1.6403925
266,2011/1/24,-1.6431494
267,2011/1/25,-1.6440687
268,2011/1/26,-1.6449871
269,2011/1/27,-1.6459062
270,2011/1/28,-1.646825
271,2011/1/31,-1.649581
272,2011/2/1,-1.6504996
273,2011/2/2,-1.6514182
274,2011/2/3,-1.6523368
275,2011/2/4,-1.6532552
276,2011/2/7,-1.6560102
277,2011/2/8,-1.6569283
278,2011/2/9,-1.6578467
279,2011/2/10,-1.6587648
280,2011/2/11,-1.659683
281,2011/2/14,-1.6624368
282,2011/2/15,-1.6633546
283,2011/2/16,-1.6642725
284,2011/2/17,-1.6651905
285,2011/2/18,-1.6661079
286,2011/2/22,-1.6697786
287,2011/2/23,-1.6706959
288,2011/2/24,-1.6716135
289,2011/2/25,-1.6725309
290,2011/2/28,-1.675283
291,2011/3/1,-1.6762
292,2011/3/2,-1.6771171
293,2011/3/3,-1.6780341
294,2011/3/4,-1.6789511
295,2011/3/7,-1.681702
296,2011/3/8,-1.6826189
297,2011/3/9,-1.6835357
298,2011/3/10,-1.6844524
299,2011/3/11,-1.685369
300,2011/3/14,-1.6881186
301,2011/3/15,-1.6890352
302,2011/3/16,-1.6899517
303,2011/3/17,-1.690868
304,2011/3/18,-1.6917843
305,2011/3/21,-1.6945329
306,2011/3/22,-1.6954489
307,2011/3/23,-1.6963652
308,2011/3/24,-1.6972811
309,2011/3/25,-1.6981972
310,2011/3/28,-1.7009447
311,2011/3/29,-1.7018604
312,2011/3/30,-1.7027761
313,2011/3/31,-1.7036916
314,2011/4/1,-1.7046074
315,2011/4/4,-1.7073538
316,2011/4/5,-1.7082694
317,2011/4/6,-1.7091845
318,2011/4/7,-1.7100998
319,2011/4/8,-1.7110149
320,2011/4/11,-1.7137604
321,2011/4/12,-1.7146753
322,2011/4/13,-1.7155904
323,2011/4/14,-1.7165053
324,2011/4/15,-1.7174201
325,2011/4/18,-1.7201644
326,2011/4/19,-1.7210791
327,2011/4/20,-1.7219936
328,2011/4/21,-1.7229083
329,2011/4/25,-1.7265657
330,2011/4/26,-1.7274802
331,2011/4/27,-1.7283942
332,2011/4/28,-1.7293086
333,2011/4/29,-1.7302226
334,2011/5/2,-1.7329646
335,2011/5/3,-1.7338787
336,2011/5/4,-1.7347925
337,2011/5/5,-1.7357063
338,2011/5/6,-1.7366201
339,2011/5/9,-1.7393609
340,2011/5/10,-1.7402743
341,2011/5/11,-1.7411877
342,2011/5/12,-1.7421014
343,2011/5/13,-1.7430148
344,2011/5/16,-1.7457546
345,2011/5/17,-1.7466676
346,2011/5/18,-1.7475806
347,2011/5/19,-1.7484938
348,2011/5/20,-1.7494067
349,2011/5/23,-1.7521454
350,2011/5/24,-1.7530581
351,2011/5/25,-1.7539707
352,2011/5/26,-1.7548835
353,2011/5/27,-1.7557962
354,2011/5/31,-1.7594459
355,2011/6/1,-1.7603583
356,2011/6/2,-1.7612704
357,2011/6/3,-1.762183
358,2011/6/6,-1.764919
359,2011/6/7,-1.7658312
360,2011/6/8,-1.7667432
361,2011/6/9,-1.7676548
362,2011/6/10,-1.7685666
363,2011/6/13,-1.7713019
364,2011/6/14,-1.7722135
365,2011/6/15,-1.7731252
366,2011/6/16,-1.7740365
367,2011/6/17,-1.774948
368,2011/6/20,-1.7776818
369,2011/6/21,-1.7785931
370,2011/6/22,-1.7795044
371,2011/6/23,-1.7804153
372,2011/6/24,-1.7813264
373,2011/6/27,-1.7840593
374,2011/6/28,-1.7849702
375,2011/6/29,-1.785881
376,2011/6/30,-1.7867917
377,2011/7/1,-1.7877023
378,2011/7/5,-1.7913443
379,2011/7/6,-1.7922546
380,2011/7/7,-1.7931651
381,2011/7/8,-1.794075
382,2011/7/11,-1.7968056
383,2011/7/12,-1.7977157
384,2011/7/13,-1.7986252
385,2011/7/14,-1.7995354
386,2011/7/15,-1.8004451
387,2011/7/18,-1.8031745
388,2011/7/19,-1.8040838
389,2011/7/20,-1.8049934
390,2011/7/21,-1.805903
391,2011/7/22,-1.8068123
392,2011/7/25,-1.8095403
393,2011/7/26,-1.8104496
394,2011/7/27,-1.8113587
395,2011/7/28,-1.8122678
396,2011/7/29,-1.8131766
397,2011/8/1,-1.8159034
398,2011/8/2,-1.8168123
399,2011/8/3,-1.817721
400,2011/8/4,-1.8186297
401,2011/8/5,-1.8195384
402,2011/8/8,-1.8222637
403,2011/8/9,-1.8231721
404,2011/8/10,-1.8240802
405,2011/8/11,-1.8249886
406,2011/8/12,-1.8258969
407,2011/8/15,-1.8286211
408,2011/8/16,-1.8295289
409,2011/8/17,-1.8304368
410,2011/8/18,-1.8313448
411,2011/8/19,-1.8322523
412,2011/8/22,-1.8349755
413,2011/8/23,-1.8358827
414,2011/8/24,-1.8367903
415,2011/8/25,-1.8376976
416,2011/8/26,-1.8386049
417,2011/8/29,-1.8413268
418,2011/8/30,-1.8422338
419,2011/8/31,-1.8431407
420,2011/9/1,-1.8440478
421,2011/9/2,-1.8449546
422,2011/9/6,-1.8485816
423,2011/9/7,-1.8494881
424,2011/9/8,-1.8503948
425,2011/9/9,-1.8513012
426,2011/9/12,-1.8540201
427,2011/9/13,-1.8549265
428,2011/9/14,-1.8558352
429,2011/9/15,-1.8567412
430,2011/9/16,-1.8576471
431,2011/9/19,-1.8603649
432,2011/9/20,-1.8612709
433,2011/9/21,-1.8621765
434,2011/9/22,-1.8630824
435,2011/9/23,-1.8639878
436,2011/9/26,-1.8667045
437,2011/9/27,-1.8676099
438,2011/9/28,-1.868515
439,2011/9/29,-1.8694203
440,2011/9/30,-1.8703254
441,2011/10/3,-1.8730406
442,2011/10/4,-1.8739452
443,2011/10/5,-1.87485
444,2011/10/6,-1.875755
445,2011/10/7,-1.8766596
446,2011/10/10,-1.8793736
447,2011/10/11,-1.8802779
448,2011/10/12,-1.8811824
449,2011/10/13,-1.8820868
450,2011/10/14,-1.882991
451,2011/10/17,-1.8857034
452,2011/10/18,-1.8866073
453,2011/10/19,-1.8875113
454,2011/10/20,-1.8884151
455,2011/10/21,-1.8893192
456,2011/10/24,-1.8918304
457,2011/10/25,-1.8920518
458,2011/10/26,-1.8922732
459,2011/10/27,-1.8924947
460,2011/10/28,-1.8927156
461,2011/10/31,-1.8933781
462,2011/11/1,-1.8935987
463,2011/11/2,-1.8938192
464,2011/11/3,-1.8940395
465,2011/11/4,-1.8942595
466,2011/11/7,-1.8949196
467,2011/11/8,-1.895139
468,2011/11/9,-1.8953586
469,2011/11/10,-1.895578
470,2011/11/11,-1.8957973
471,2011/11/14,-1.8964543
472,2011/11/15,-1.8966728
473,2011/11/16,-1.8968916
474,2011/11/17,-1.89711
475,2011/11/18,-1.8973283
476,2011/11/21,-1.8979822
477,2011/11/22,-1.8982
478,2011/11/23,-1.8984176
479,2011/11/25,-1.8988526
480,2011/11/28,-1.899504
481,2011/11/29,-1.8991967
482,2011/11/30,-1.8984578
483,2011/12/1,-1.8977181
484,2011/12/2,-1.896978
485,2011/12/5,-1.8947545
486,2011/12/6,-1.8940122
487,2011/12/7,-1.8932695
488,2011/12/8,-1.8925265
489,2011/12/9,-1.8917826
490,2011/12/12,-1.8895481
491,2011/12/13,-1.8888023
492,2011/12/14,-1.888056
493,2011/12/15,-1.8873087
494,2011/12/16,-1.8865616
495,2011/12/19,-1.8843164
496,2011/12/20,-1.8835667
497,2011/12/21,-1.8828166
498,2011/12/22,-1.8820662
499,2011/12/23,-1.8813152
500,2011/12/27,-1.8783056
501,2011/12/28,-1.8775522
502,2011/12/29,-1.8767979
503,2011/12/30,-1.8760431
504,2012/1/3,-1.8730189
505,2012/1/4,-1.8716246
506,2012/1/5,-1.870144
507,2012/1/6,-1.8686628
508,2012/1/9,-1.8642154
509,2012/1/10,-1.8627313
510,2012/1/11,-1.8612472
511,2012/1/12,-1.8597622
512,2012/1/13,-1.8582766
513,2012/1/17,-1.8523287
514,2012/1/18,-1.8508399
515,2012/1/19,-1.8493509
516,2012/1/20,-1.8478607
517,2012/1/23,-1.8433876
518,2012/1/24,-1.8418951
519,2012/1/25,-1.8404022
520,2012/1/26,-1.8389091
521,2012/1/27,-1.837415
522,2012/1/30,-1.8329289
523,2012/1/31,-1.8314323
524,2012/2/1,-1.8299353
525,2012/2/2,-1.8284373
526,2012/2/3,-1.8269389
527,2012/2/6,-1.8224401
528,2012/2/7,-1.820939
529,2012/2/8,-1.8194377
530,2012/2/9,-1.8179358
531,2012/2/10,-1.8164331
532,2012/2/13,-1.8119214
533,2012/2/14,-1.810416
534,2012/2/15,-1.8089104
535,2012/2/16,-1.8074043
536,2012/2/17,-1.805897
537,2012/2/21,-1.799863
538,2012/2/22,-1.7983531
539,2012/2/23,-1.7968421
540,2012/2/24,-1.7953308
541,2012/2/27,-1.7907931
542,2012/2/28,-1.7892793
543,2012/2/29,-1.787765
544,2012/3/1,-1.7862502
545,2012/3/2,-1.7847345
546,2012/3/5,-1.7801838
547,2012/3/6,-1.7786658
548,2012/3/7,-1.7771472
549,2012/3/8,-1.775628
550,2012/3/9,-1.7741077
551,2012/3/12,-1.7695445
552,2012/3/13,-1.7680223
553,2012/3/14,-1.766499
554,2012/3/15,-1.7649755
555,2012/3/16,-1.7634511
556,2012/3/19,-1.7588747
557,2012/3/20,-1.7573482
558,2012/3/21,-1.7558205
559,2012/3/22,-1.7542927
560,2012/3/23,-1.7527639
561,2012/3/26,-1.748175
562,2012/3/27,-1.7466435
563,2012/3/28,-1.7451117
564,2012/3/29,-1.74358
565,2012/3/30,-1.7420471
566,2012/4/2,-1.7374444
567,2012/4/3,-1.7359085
568,2012/4/4,-1.7343729
569,2012/4/5,-1.732836
570,2012/4/9,-1.7266833
571,2012/4/10,-1.7251437
572,2012/4/11,-1.7236032
573,2012/4/12,-1.7220622
574,2012/4/13,-1.7205205
575,2012/4/16,-1.7158918
576,2012/4/17,-1.7143478
577,2012/4/18,-1.7128034
578,2012/4/19,-1.7112578
579,2012/4/20,-1.7097117
580,2012/4/23,-1.7050703
581,2012/4/24,-1.7035218
582,2012/4/25,-1.7019725
583,2012/4/26,-1.7004228
584,2012/4/27,-1.6988726
585,2012/4/30,-1.6942179
586,2012/5/1,-1.6926651
587,2012/5/2,-1.6911118
588,2012/5/3,-1.6895577
589,2012/5/4,-1.688003
590,2012/5/7,-1.6833352
591,2012/5/8,-1.6817778
592,2012/5/9,-1.68022
593,2012/5/10,-1.6786613
594,2012/5/11,-1.6771023
595,2012/5/14,-1.6724212
596,2012/5/15,-1.6708596
597,2012/5/16,-1.6692975
598,2012/5/17,-1.6677346
599,2012/5/18,-1.6661711
600,2012/5/21,-1.6614771
601,2012/5/22,-1.659911
602,2012/5/23,-1.6583447
603,2012/5/24,-1.6567774
604,2012/5/25,-1.6552095
605,2012/5/29,-1.6489319
606,2012/5/30,-1.647361
607,2012/5/31,-1.6457891
608,2012/6/1,-1.644217
609,2012/6/4,-1.6392491
610,2012/6/5,-1.6374422
611,2012/6/6,-1.6356347
612,2012/6/7,-1.6338266
613,2012/6/8,-1.6320175
614,2012/6/11,-1.6265868
615,2012/6/12,-1.624775
616,2012/6/13,-1.6229628
617,2012/6/14,-1.62115
618,2012/6/15,-1.6193361
619,2012/6/18,-1.6138906
620,2012/6/19,-1.6120743
621,2012/6/20,-1.6102571
622,2012/6/21,-1.6084391
623,2012/6/22,-1.6066208
624,2012/6/25,-1.6011622
625,2012/6/26,-1.5993407
626,2012/6/27,-1.5975186
627,2012/6/28,-1.5956962
628,2012/6/29,-1.5938723
629,2012/7/2,-1.5883977
630,2012/7/3,-1.5865717
631,2012/7/5,-1.5829172
632,2012/7/6,-1.5810887
633,2012/7/9,-1.5755994
634,2012/7/10,-1.5737684
635,2012/7/11,-1.5719365
636,2012/7/12,-1.5701039
637,2012/7/13,-1.5682709
638,2012/7/16,-1.562767
639,2012/7/17,-1.5609306
640,2012/7/18,-1.559094
641,2012/7/19,-1.5572565
642,2012/7/20,-1.5554185
643,2012/7/23,-1.5498999
644,2012/7/24,-1.5480587
645,2012/7/25,-1.5462173
646,2012/7/26,-1.5443748
647,2012/7/27,-1.542532
648,2012/7/30,-1.5369989
649,2012/7/31,-1.5351532
650,2012/8/1,-1.5333064
651,2012/8/2,-1.5314592
652,2012/8/3,-1.5296111
653,2012/8/6,-1.524063
654,2012/8/7,-1.5222124
655,2012/8/8,-1.520361
656,2012/8/9,-1.5185089
657,2012/8/10,-1.5166562
658,2012/8/13,-1.5110933
659,2012/8/14,-1.5092372
660,2012/8/15,-1.5073812
661,2012/8/16,-1.5055239
662,2012/8/17,-1.5036665
663,2012/8/20,-1.498089
664,2012/8/21,-1.4962286
665,2012/8/22,-1.4943671
666,2012/8/23,-1.4925051
667,2012/8/24,-1.4906425
668,2012/8/27,-1.4850503
669,2012/8/28,-1.4831845
670,2012/8/29,-1.4813185
671,2012/8/30,-1.4794519
672,2012/8/31,-1.4775844
673,2012/9/4,-1.4701068
674,2012/9/5,-1.4682356
675,2012/9/6,-1.4663637
676,2012/9/7,-1.4644912
677,2012/9/10,-1.4588698
678,2012/9/11,-1.4569943
679,2012/9/12,-1.4551184
680,2012/9/13,-1.4532416
681,2012/9/14,-1.451364
682,2012/9/17,-1.4457276
683,2012/9/18,-1.4438472
684,2012/9/19,-1.4419663
685,2012/9/20,-1.4400847
686,2012/9/21,-1.4382021
687,2012/9/24,-1.4325508
688,2012/9/25,-1.4306655
689,2012/9/26,-1.4287797
690,2012/9/27,-1.4268929
691,2012/9/28,-1.4250057
692,2012/10/1,-1.4193395
693,2012/10/2,-1.417449
694,2012/10/3,-1.4155585
695,2012/10/4,-1.4136667
696,2012/10/5,-1.4117748
697,2012/10/8,-1.4060935
698,2012/10/9,-1.4041985
699,2012/10/10,-1.4023027
700,2012/10/11,-1.4004061
701,2012/10/12,-1.398509
702,2012/10/15,-1.3928132
703,2012/10/16,-1.3909129
704,2012/10/17,-1.3890122
705,2012/10/18,-1.3871106
706,2012/10/19,-1.3852087
707,2012/10/22,-1.3794978
708,2012/10/23,-1.3775927
709,2012/10/24,-1.3756874
710,2012/10/25,-1.373781
711,2012/10/26,-1.3718734
712,2012/10/31,-1.3623272
713,2012/11/1,-1.3604156
714,2012/11/2,-1.3585037
715,2012/11/5,-1.3527632
716,2012/11/6,-1.3508482
717,2012/11/7,-1.3489324
718,2012/11/8,-1.3470161
719,2012/11/9,-1.3450987
720,2012/11/12,-1.3393431
721,2012/11/13,-1.3374234
722,2012/11/14,-1.3355026
723,2012/11/15,-1.3335817
724,2012/11/16,-1.3316596
725,2012/11/19,-1.3258889
726,2012/11/20,-1.3239642
727,2012/11/21,-1.3220385
728,2012/11/23,-1.3181851
729,2012/11/26,-1.3123996
730,2012/11/27,-1.3104694
731,2012/11/28,-1.3085392
732,2012/11/29,-1.3066078
733,2012/11/30,-1.3046757
734,2012/12/3,-1.2988751
735,2012/12/4,-1.2969406
736,2012/12/5,-1.2950047
737,2012/12/6,-1.2930683
738,2012/12/7,-1.2911314
739,2012/12/10,-1.2853159
740,2012/12/11,-1.283376
741,2012/12/12,-1.2814353
742,2012/12/13,-1.2794938
743,2012/12/14,-1.2775519
744,2012/12/17,-1.2717216
745,2012/12/18,-1.2697766
746,2012/12/19,-1.2678312
747,2012/12/20,-1.2658846
748,2012/12/21,-1.2639372
749,2012/12/24,-1.2580918
750,2012/12/26,-1.2541914
751,2012/12/27,-1.2522396
752,2012/12/28,-1.2502875
753,2012/12/31,-1.2444272
754,2013/1/2,-1.2405163
755,2013/1/3,-1.2385602
756,2013/1/4,-1.2366027
757,2013/1/7,-1.2307271
758,2013/1/8,-1.2287672
759,2013/1/9,-1.2268065
760,2013/1/10,-1.224845
761,2013/1/11,-1.2228831
762,2013/1/14,-1.216992
763,2013/1/15,-1.215027
764,2013/1/16,-1.2130613
765,2013/1/17,-1.2110949
766,2013/1/18,-1.2091278
767,2013/1/22,-1.201252
768,2013/1/23,-1.1992809
769,2013/1/24,-1.1973093
770,2013/1/25,-1.1953368
771,2013/1/28,-1.1894159
772,2013/1/29,-1.1874408
773,2013/1/30,-1.185465
774,2013/1/31,-1.183488
775,2013/2/1,-1.181511
776,2013/2/4,-1.1755701
777,2013/2/5,-1.17359
778,2013/2/6,-1.1716092
779,2013/2/7,-1.1696273
780,2013/2/8,-1.1676447
781,2013/2/11,-1.1616933
782,2013/2/12,-1.159708
783,2013/2/13,-1.157722
784,2013/2/14,-1.1557353
785,2013/2/15,-1.1537479
786,2013/2/19,-1.145791
787,2013/2/20,-1.1437997
788,2013/2/21,-1.1418078
789,2013/2/22,-1.1398152
790,2013/2/25,-1.1338333
791,2013/2/26,-1.1318377
792,2013/2/27,-1.1298416
793,2013/2/28,-1.1278446
794,2013/3/1,-1.1258471
795,2013/3/4,-1.1198496
796,2013/3/5,-1.1178491
797,2013/3/6,-1.1158475
798,2013/3/7,-1.1138455
799,2013/3/8,-1.1118425
800,2013/3/11,-1.1058297
801,2013/3/12,-1.1038237
802,2013/3/13,-1.1018174
803,2013/3/14,-1.0998098
804,2013/3/15,-1.0978018
805,2013/3/18,-1.0917732
806,2013/3/19,-1.0897621
807,2013/3/20,-1.0877501
808,2013/3/21,-1.0857373
809,2013/3/22,-1.0837238
810,2013/3/25,-1.0776798
811,2013/3/26,-1.0756632
812,2013/3/27,-1.0736461
813,2013/3/28,-1.0716281
814,2013/4/1,-1.0635487
815,2013/4/2,-1.0615271
816,2013/4/3,-1.0595044
817,2013/4/4,-1.0574813
818,2013/4/5,-1.0554569
819,2013/4/8,-1.0493802
820,2013/4/9,-1.0473529
821,2013/4/10,-1.0453252
822,2013/4/11,-1.0432965
823,2013/4/12,-1.0412669
824,2013/4/15,-1.0351738
825,2013/4/16,-1.0331413
826,2013/4/17,-1.0311078
827,2013/4/18,-1.0290735
828,2013/4/19,-1.0270385
829,2013/4/22,-1.0209287
830,2013/4/23,-1.0188905
831,2013/4/24,-1.0168515
832,2013/4/25,-1.0148119
833,2013/4/26,-1.0127711
834,2013/4/29,-1.0066446
835,2013/4/30,-1.0046006
836,2013/5/1,-1.0025564
837,2013/5/2,-1.0005108
838,2013/5/3,-0.9984648
839,2013/5/6,-0.99232143
840,2013/5/7,-0.990272
841,2013/5/8,-0.9882218
842,2013/5/9,-0.986171
843,2013/5/10,-0.9841187
844,2013/5/13,-0.9779586
845,2013/5/14,-0.97590345
846,2013/5/15,-0.97384757
847,2013/5/16,-0.9717906
848,2013/5/17,-0.96973306
849,2013/5/20,-0.9635551
850,2013/5/21,-0.96149445
851,2013/5/22,-0.9594326
852,2013/5/23,-0.9573701
853,2013/5/24,-0.9553065
854,2013/5/28,-0.9470447
855,2013/5/29,-0.9449773
856,2013/5/30,-0.9429087
857,2013/5/31,-0.9408399
858,2013/6/3,-0.9346265
859,2013/6/4,-0.93255407
860,2013/6/5,-0.93048054
861,2013/6/6,-0.9284063
862,2013/6/7,-0.9263309
863,2013/6/10,-0.9201007
864,2013/6/11,-0.9180251
865,2013/6/12,-0.9159456
866,2013/6/13,-0.9138654
867,2013/6/14,-0.9117844
868,2013/6/17,-0.9055357
869,2013/6/18,-0.9034515
870,2013/6/19,-0.9013657
871,2013/6/20,-0.8992798
872,2013/6/21,-0.8971925
873,2013/6/24,-0.8909259
874,2013/6/25,-0.8888353
875,2013/6/26,-0.88674384
876,2013/6/27,-0.8846515
877,2013/6/28,-0.88255876
878,2013/7/1,-0.8762736
879,2013/7/2,-0.8741771
880,2013/7/3,-0.8720793
881,2013/7/5,-0.86788195
882,2013/7/8,-0.86157924
883,2013/7/9,-0.85947675
884,2013/7/10,-0.8573728
885,2013/7/11,-0.85526866
886,2013/7/12,-0.853163
887,2013/7/15,-0.846842
888,2013/7/16,-0.84473354
889,2013/7/17,-0.84262395
890,2013/7/18,-0.8405136
891,2013/7/19,-0.8384021
892,2013/7/22,-0.8320628
893,2013/7/23,-0.82994807
894,2013/7/24,-0.82783216
895,2013/7/25,-0.8257158
896,2013/7/26,-0.8235981
897,2013/7/29,-0.8172408
898,2013/7/30,-0.81512004
899,2013/7/31,-0.81299806
900,2013/8/1,-0.8108752
901,2013/8/2,-0.8087522
902,2013/8/5,-0.8023759
903,2013/8/6,-0.8002489
904,2013/8/7,-0.79812115
905,2013/8/8,-0.7959924
906,2013/8/9,-0.7938625
907,2013/8/12,-0.78746855
908,2013/8/13,-0.78533506
909,2013/8/14,-0.7832012
910,2013/8/15,-0.7810662
911,2013/8/16,-0.7789303
912,2013/8/19,-0.77251774
913,2013/8/20,-0.7703787
914,2013/8/21,-0.76823825
915,2013/8/22,-0.7660971
916,2013/8/23,-0.7639552
917,2013/8/26,-0.7575243
918,2013/8/27,-0.75537896
919,2013/8/28,-0.75323236
920,2013/8/29,-0.75108516
921,2013/8/30,-0.74893767
922,2013/9/3,-0.74033624
923,2013/9/4,-0.7381834
924,2013/9/5,-0.7360299
925,2013/9/6,-0.7338758
926,2013/9/9,-0.72740775
927,2013/9/10,-0.7252497
928,2013/9/11,-0.7230911
929,2013/9/12,-0.72093135
930,2013/9/13,-0.7187709
931,2013/9/16,-0.71228427
932,2013/9/17,-0.71012
933,2013/9/18,-0.707955
934,2013/9/19,-0.7057896
935,2013/9/20,-0.70362264
936,2013/9/23,-0.69711727
937,2013/9/24,-0.69494694
938,2013/9/25,-0.69277555
939,2013/9/26,-0.690604
940,2013/9/27,-0.6884309
941,2013/9/30,-0.68190664
942,2013/10/1,-0.67973024
943,2013/10/2,-0.6775529
944,2013/10/3,-0.6753745
945,2013/10/4,-0.6731952
946,2013/10/7,-0.666652
947,2013/10/8,-0.6644695
948,2013/10/9,-0.6622858
949,2013/10/10,-0.66010123
950,2013/10/11,-0.6579154
951,2013/10/14,-0.6513535
952,2013/10/15,-0.6491645
953,2013/10/16,-0.6469745
954,2013/10/17,-0.6447832
955,2013/10/18,-0.64259183
956,2013/10/21,-0.6360108
957,2013/10/22,-0.6338155
958,2013/10/23,-0.6316189
959,2013/10/24,-0.6294218
960,2013/10/25,-0.6272233
961,2013/10/28,-0.62062377
962,2013/10/29,-0.61842144
963,2013/10/30,-0.6162191
964,2013/10/31,-0.6140156
965,2013/11/1,-0.6118111
966,2013/11/4,-0.6051919
967,2013/11/5,-0.602984
968,2013/11/6,-0.60077465
969,2013/11/7,-0.59856504
970,2013/11/8,-0.5963542
971,2013/11/11,-0.589724
972,2013/11/12,-0.5875092
973,2013/11/13,-0.58529425
974,2013/11/14,-0.5830779
975,2013/11/15,-0.5808609
976,2013/11/18,-0.5742037
977,2013/11/19,-0.5719829
978,2013/11/20,-0.5697612
979,2013/11/21,-0.5675388
980,2013/11/22,-0.56531507
981,2013/11/25,-0.5586391
982,2013/11/26,-0.55641174
983,2013/11/27,-0.55418414
984,2013/11/29,-0.5497245
985,2013/12/2,-0.54302907
986,2013/12/3,-0.5407955
987,2013/12/4,-0.53856057
988,2013/12/5,-0.5363253
989,2013/12/6,-0.5340887
990,2013/12/9,-0.5273735
991,2013/12/10,-0.5251331
992,2013/12/11,-0.5228924
993,2013/12/12,-0.52064997
994,2013/12/13,-0.5184073
995,2013/12/16,-0.5116726
996,2013/12/17,-0.5094258
997,2013/12/18,-0.5071782
998,2013/12/19,-0.50492936
999,2013/12/20,-0.50267977
1000,2013/12/23,-0.4959255
1001,2013/12/24,-0.49367246
1002,2013/12/26,-0.48916328
1003,2013/12/27,-0.4869072
1004,2013/12/30,-0.48013312
1005,2013/12/31,-0.47787288
1006,2014/1/2,-0.47335008
1007,2014/1/3,-0.4710878
1008,2014/1/6,-0.46429393
1009,2014/1/7,-0.46202764
1010,2014/1/8,-0.4597597
1011,2014/1/9,-0.45749184
1012,2014/1/10,-0.45522213
1013,2014/1/13,-0.4484084
1014,2014/1/14,-0.44613534
1015,2014/1/15,-0.44386137
1016,2014/1/16,-0.4415858
1017,2014/1/17,-0.4393101
1018,2014/1/21,-0.43019626
1019,2014/1/22,-0.4279153
1020,2014/1/23,-0.42563432
1021,2014/1/24,-0.42335084
1022,2014/1/27,-0.41649714
1023,2014/1/28,-0.4142104
1024,2014/1/29,-0.41192326
1025,2014/1/30,-0.40963444
1026,2014/1/31,-0.4073452
1027,2014/2/3,-0.40047064
1028,2014/2/4,-0.39817768
1029,2014/2/5,-0.3958832
1030,2014/2/6,-0.39358777
1031,2014/2/7,-0.39129162
1032,2014/2/10,-0.3843971
1033,2014/2/11,-0.38209695
1034,2014/2/12,-0.3797962
1035,2014/2/13,-0.3774936
1036,2014/2/14,-0.37519112
1037,2014/2/18,-0.36596927
1038,2014/2/19,-0.36366102
1039,2014/2/20,-0.36135215
1040,2014/2/21,-0.3590423
1041,2014/2/24,-0.35210672
1042,2014/2/25,-0.34979254
1043,2014/2/26,-0.34747815
1044,2014/2/27,-0.34516197
1045,2014/2/28,-0.34284556
1046,2014/3/3,-0.3358891
1047,2014/3/4,-0.3335683
1048,2014/3/5,-0.33124673
1049,2014/3/6,-0.32892427
1050,2014/3/7,-0.32660034
1051,2014/3/10,-0.31962332
1052,2014/3/11,-0.3172957
1053,2014/3/12,-0.3149671
1054,2014/3/13,-0.31263727
1055,2014/3/14,-0.3103069
1056,2014/3/17,-0.303309
1057,2014/3/18,-0.30097416
1058,2014/3/19,-0.298639
1059,2014/3/20,-0.2963024
1060,2014/3/21,-0.29396474
1061,2014/3/24,-0.2869457
1062,2014/3/25,-0.28460404
1063,2014/3/26,-0.28226164
1064,2014/3/27,-0.27991804
1065,2014/3/28,-0.27757344
1066,2014/3/31,-0.27053335
1067,2014/4/1,-0.26818466
1068,2014/4/2,-0.26583505
1069,2014/4/3,-0.2634842
1070,2014/4/4,-0.26113257
1071,2014/4/7,-0.2540714
1072,2014/4/8,-0.25171548
1073,2014/4/9,-0.24935888
1074,2014/4/10,-0.24700151
1075,2014/4/11,-0.24464224
1076,2014/4/14,-0.23755954
1077,2014/4/15,-0.23519705
1078,2014/4/16,-0.23283325
1079,2014/4/17,-0.23046814
1080,2014/4/21,-0.22099818
1081,2014/4/22,-0.21862866
1082,2014/4/23,-0.21625726
1083,2014/4/24,-0.21388529
1084,2014/4/25,-0.21151222
1085,2014/4/28,-0.20438658
1086,2014/4/29,-0.20200942
1087,2014/4/30,-0.19963126
1088,2014/5/1,-0.19725169
1089,2014/5/2,-0.19487153
1090,2014/5/5,-0.18772407
1091,2014/5/6,-0.18534018
1092,2014/5/7,-0.18295439
1093,2014/5/8,-0.18056776
1094,2014/5/9,-0.17818008
1095,2014/5/12,-0.1710114
1096,2014/5/13,-0.16861953
1097,2014/5/14,-0.16623573
1098,2014/5/15,-0.16384207
1099,2014/5/16,-0.16144757
1100,2014/5/19,-0.1542571
1101,2014/5/20,-0.15185796
1102,2014/5/21,-0.14945821
1103,2014/5/22,-0.14705716
1104,2014/5/23,-0.14465491
1105,2014/5/27,-0.1350366
1106,2014/5/28,-0.13262941
1107,2014/5/29,-0.1302207
1108,2014/5/30,-0.12781169
1109,2014/6/2,-0.120577075
1110,2014/6/3,-0.11816368
1111,2014/6/4,-0.11574856
1112,2014/6/5,-0.11333365
1113,2014/6/6,-0.110916354
1114,2014/6/9,-0.103659995
1115,2014/6/10,-0.101238824
1116,2014/6/11,-0.09881712
1117,2014/6/12,-0.09639371
1118,2014/6/13,-0.09396935
1119,2014/6/16,-0.08669052
1120,2014/6/17,-0.08426223
1121,2014/6/18,-0.08183283
1122,2014/6/19,-0.07940207
1123,2014/6/20,-0.07697082
1124,2014/6/23,-0.069669016
1125,2014/6/24,-0.06723354
1126,2014/6/25,-0.06479625
1127,2014/6/26,-0.06235872
1128,2014/6/27,-0.05991901
1129,2014/6/30,-0.052595537
1130,2014/7/1,-0.050151598
1131,2014/7/2,-0.04770727
1132,2014/7/3,-0.045261543
1133,2014/7/7,-0.03546865
1134,2014/7/8,-0.033018004
1135,2014/7/9,-0.030565333
1136,2014/7/10,-0.028112363
1137,2014/7/11,-0.025657993
1138,2014/7/14,-0.01828907
1139,2014/7/15,-0.015830439
1140,2014/7/16,-0.013370703
1141,2014/7/17,-0.010909985
1142,2014/7/18,-0.008448104
1143,2014/7/21,-0.0010557575
1144,2014/7/22,0.0014104443
1145,2014/7/23,0.0038774507
1146,2014/7/24,0.0063457983
1147,2014/7/25,0.008815606
1148,2014/7/28,0.016230274
1149,2014/7/29,0.018704314
1150,2014/7/30,0.021179367
1151,2014/7/31,0.023655403
1152,2014/8/1,0.026132215
1153,2014/8/4,0.033570457
1154,2014/8/5,0.036051918
1155,2014/8/6,0.038535018
1156,2014/8/7,0.041018385
1157,2014/8/8,0.043503482
1158,2014/8/11,0.05096473
1159,2014/8/12,0.05345394
1160,2014/8/13,0.055944342
1161,2014/8/14,0.058436114
1162,2014/8/15,0.06092866
1163,2014/8/18,0.06841304
1164,2014/8/19,0.07090988
1165,2014/8/20,0.07340839
1166,2014/8/21,0.07590749
1167,2014/8/22,0.078407906
1168,2014/8/25,0.08591571
1169,2014/8/26,0.08842065
1170,2014/8/27,0.09092649
1171,2014/8/28,0.09343364
1172,2014/8/29,0.095941566
1173,2014/9/2,0.10598584
1174,2014/9/3,0.108500145
1175,2014/9/4,0.11101463
1176,2014/9/5,0.113530956
1177,2014/9/8,0.121085666
1178,2014/9/9,0.12360569
1179,2014/9/10,0.12612768
1180,2014/9/11,0.12865026
1181,2014/9/12,0.13117452
1182,2014/9/15,0.13875301
1183,2014/9/16,0.14128162
1184,2014/9/17,0.14381124
1185,2014/9/18,0.14634217
1186,2014/9/19,0.14887382
1187,2014/9/22,0.1564764
1188,2014/9/23,0.15901221
1189,2014/9/24,0.16154994
1190,2014/9/25,0.16408886
1191,2014/9/26,0.16662873
1192,2014/9/29,0.17425503
1193,2014/9/30,0.17679949
1194,2014/10/1,0.17934497
1195,2014/10/2,0.18189187
1196,2014/10/3,0.18443955
1197,2014/10/6,0.19208951
1198,2014/10/7,0.19464184
1199,2014/10/8,0.19719566
1200,2014/10/9,0.19975044
1201,2014/10/10,0.20230635
1202,2014/10/13,0.20998038
1203,2014/10/14,0.21254106
1204,2014/10/15,0.21510251
1205,2014/10/16,0.21766551
1206,2014/10/17,0.22022964
1207,2014/10/20,0.22792806
1208,2014/10/21,0.23049624
1209,2014/10/22,0.23306622
1210,2014/10/23,0.2356369
1211,2014/10/24,0.23820896
1212,2014/10/27,0.24593176
1213,2014/10/28,0.24850895
1214,2014/10/29,0.2510861
1215,2014/10/30,0.25366524
1216,2014/10/31,0.2562451
1217,2014/11/3,0.2639931
1218,2014/11/4,0.2665772
1219,2014/11/5,0.26916334
1220,2014/11/6,0.27175042
1221,2014/11/7,0.27433857
1222,2014/11/10,0.28211054
1223,2014/11/11,0.28470394
1224,2014/11/12,0.287298
1225,2014/11/13,0.28989318
1226,2014/11/14,0.29248938
1227,2014/11/17,0.30028626
1228,2014/11/18,0.30288747
1229,2014/11/19,0.30548957
1230,2014/11/20,0.30809304
1231,2014/11/21,0.31069782
1232,2014/11/24,0.3185189
1233,2014/11/25,0.32112852
1234,2014/11/26,0.32373902
1235,2014/11/28,0.32896355
1236,2014/12/1,0.33680955
1237,2014/12/2,0.33942756
1238,2014/12/3,0.34204593
1239,2014/12/4,0.3446662
1240,2014/12/5,0.34728727
1241,2014/12/8,0.35515854
1242,2014/12/9,0.3577884
1243,2014/12/10,0.3604159
1244,2014/12/11,0.36304435
1245,2014/12/12,0.36567417
1246,2014/12/15,0.37357
1247,2014/12/16,0.37620458
1248,2014/12/17,0.37884006
1249,2014/12/18,0.3814768
1250,2014/12/19,0.38411483
1251,2014/12/22,0.39203647
1252,2014/12/23,0.39467934
1253,2014/12/24,0.39732334
1254,2014/12/26,0.40261498
1255,2014/12/29,0.41056123
1256,2014/12/30,0.4132128
1257,2014/12/31,0.41586503
1258,2015/1/2,0.42117372
1259,2015/1/5,0.42914572
1260,2015/1/6,0.43180528
1261,2015/1/7,0.43446627
1262,2015/1/8,0.43712798
1263,2015/1/9,0.43979123
1264,2015/1/12,0.4477884
1265,2015/1/13,0.45045683
1266,2015/1/14,0.45312592
1267,2015/1/15,0.45579675
1268,2015/1/16,0.45846823
1269,2015/1/20,0.4691678
1270,2015/1/21,0.47184578
1271,2015/1/22,0.47452465
1272,2015/1/23,0.477205
1273,2015/1/26,0.48525277
1274,2015/1/27,0.48793802
1275,2015/1/28,0.4906244
1276,2015/1/29,0.4933119
1277,2015/1/30,0.4960005
1278,2015/2/2,0.50407434
1279,2015/2/3,0.50676775
1280,2015/2/4,0.5094628
1281,2015/2/5,0.512159
1282,2015/2/6,0.51485664
1283,2015/2/9,0.5229554
1284,2015/2/10,0.5256581
1285,2015/2/11,0.52836144
1286,2015/2/12,0.53106594
1287,2015/2/13,0.5337719
1288,2015/2/17,0.54460746
1289,2015/2/18,0.5473195
1290,2015/2/19,0.5500329
1291,2015/2/20,0.55274737
1292,2015/2/23,0.56089777
1293,2015/2/24,0.56361735
1294,2015/2/25,0.56633794
1295,2015/2/26,0.5690595
1296,2015/2/27,0.5717827
1297,2015/3/2,0.5799592
1298,2015/3/3,0.5826874
1299,2015/3/4,0.58541644
1300,2015/3/5,0.58814704
1301,2015/3/6,0.5908784
1302,2015/3/9,0.59908146
1303,2015/3/10,0.6018178
1304,2015/3/11,0.6045555
1305,2015/3/12,0.60729486
1306,2015/3/13,0.6100353
1307,2015/3/16,0.61826324
1308,2015/3/17,0.6210088
1309,2015/3/18,0.6237554
1310,2015/3/19,0.62650317
1311,2015/3/20,0.6292521
1312,2015/3/23,0.6375066
1313,2015/3/24,0.6402603
1314,2015/3/25,0.64301544
1315,2015/3/26,0.64577204
1316,2015/3/27,0.6485299
1317,2015/3/30,0.6568101
1318,2015/3/31,0.6595729
1319,2015/4/1,0.66233665
1320,2015/4/2,0.665102
1321,2015/4/6,0.676175
1322,2015/4/7,0.6789462
1323,2015/4/8,0.6817193
1324,2015/4/9,0.6844928
1325,2015/4/10,0.6872683
1326,2015/4/13,0.695601
1327,2015/4/14,0.69838107
1328,2015/4/15,0.7011623
1329,2015/4/16,0.703945
1330,2015/4/17,0.70672894
1331,2015/4/20,0.7150859
1332,2015/4/21,0.7178743
1333,2015/4/22,0.7206648
1334,2015/4/23,0.7234555
1335,2015/4/24,0.72624856
1336,2015/4/27,0.7346333
1337,2015/4/28,0.7374308
1338,2015/4/29,0.74022937
1339,2015/4/30,0.7430298
1340,2015/5/1,0.7458306
1341,2015/5/4,0.75424224
1342,2015/5/5,0.75704825
1343,2015/5/6,0.75985575
1344,2015/5/7,0.76266456
1345,2015/5/8,0.7654745
1346,2015/5/11,0.7739118
1347,2015/5/12,0.7767271
1348,2015/5/13,0.77954316
1349,2015/5/14,0.78236103
1350,2015/5/15,0.7851798
1351,2015/5/18,0.7936436
1352,2015/5/19,0.79646784
1353,2015/5/20,0.7992927
1354,2015/5/21,0.8021196
1355,2015/5/22,0.80494696
1356,2015/5/26,0.8162707
1357,2015/5/27,0.8191052
1358,2015/5/28,0.82194036
1359,2015/5/29,0.82477707
1360,2015/6/1,0.83329475
1361,2015/6/2,0.83613664
1362,2015/6/3,0.83897924
1363,2015/6/4,0.8418242
1364,2015/6/5,0.8446696
1365,2015/6/8,0.8532148
1366,2015/6/9,0.8560652
1367,2015/6/10,0.85891753
1368,2015/6/11,0.8617709
1369,2015/6/12,0.8646257
1370,2015/6/15,0.8731972
1371,2015/6/16,0.87605727
1372,2015/6/17,0.87891793
1373,2015/6/18,0.8817803
1374,2015/6/19,0.8846442
1375,2015/6/22,0.893243
1376,2015/6/23,0.8961114
1377,2015/6/24,0.89898175
1378,2015/6/25,0.90185297
1379,2015/6/26,0.90472573
1380,2015/6/29,0.91335136
1381,2015/6/30,0.91622937
1382,2015/7/1,0.91910833
1383,2015/7/2,0.9219889
1384,2015/7/6,0.9335232
1385,2015/7/7,0.93641007
1386,2015/7/8,0.9392985
1387,2015/7/9,0.9421874
1388,2015/7/10,0.94507813
1389,2015/7/13,0.9537579
1390,2015/7/14,0.9566537
1391,2015/7/15,0.95955026
1392,2015/7/16,0.96244943
1393,2015/7/17,0.96534824
1394,2015/7/20,0.97405535
1395,2015/7/21,0.9769599
1396,2015/7/22,0.9798656
1397,2015/7/23,0.9827731
1398,2015/7/24,0.985682
1399,2015/7/27,0.994415
1400,2015/7/28,0.9973287
1401,2015/7/29,1.0002437
1402,2015/7/30,1.0031598
1403,2015/7/31,1.0060768
1404,2015/8/3,1.0148368
1405,2015/8/4,1.0177593
1406,2015/8/5,1.0206832
1407,2015/8/6,1.023608
1408,2015/8/7,1.0265348
1409,2015/8/10,1.0353205
1410,2015/8/11,1.0382519
1411,2015/8/12,1.041184
1412,2015/8/13,1.0441179
1413,2015/8/14,1.0470531
1414,2015/8/17,1.055865
1415,2015/8/18,1.0588055
1416,2015/8/19,1.0617466
1417,2015/8/20,1.0646887
1418,2015/8/21,1.0676327
1419,2015/8/24,1.0764713
1420,2015/8/25,1.0794196
1421,2015/8/26,1.0823696
1422,2015/8/27,1.0853205
1423,2015/8/28,1.0882726
1424,2015/8/31,1.0971365
1425,2015/9/1,1.1000942
1426,2015/9/2,1.1030521
1427,2015/9/3,1.1060119
1428,2015/9/4,1.1089723
1429,2015/9/8,1.1208274
1430,2015/9/9,1.1237941
1431,2015/9/10,1.1267629
1432,2015/9/11,1.1297321
1433,2015/9/14,1.1386461
1434,2015/9/15,1.1416203
1435,2015/9/16,1.1445953
1436,2015/9/17,1.1475716
1437,2015/9/18,1.1505489
1438,2015/9/21,1.1594884
1439,2015/9/22,1.1624705
1440,2015/9/23,1.1654537
1441,2015/9/24,1.1684381
1442,2015/9/25,1.1714239
1443,2015/9/28,1.1803879
1444,2015/9/29,1.183378
1445,2015/9/30,1.1863694
1446,2015/10/1,1.189362
1447,2015/10/2,1.1923559
1448,2015/10/5,1.2013443
1449,2015/10/6,1.2043421
1450,2015/10/7,1.2073421
1451,2015/10/8,1.2103426
1452,2015/10/9,1.2133446
1453,2015/10/12,1.2223566
1454,2015/10/13,1.2253634
1455,2015/10/14,1.2283709
1456,2015/10/15,1.2313795
1457,2015/10/16,1.2343891
1458,2015/10/19,1.2434256
1459,2015/10/20,1.2464393
1460,2015/10/21,1.2494555
1461,2015/10/22,1.2524716
1462,2015/10/23,1.2554252
1463,2015/10/26,1.2640673
1464,2015/10/27,1.2669501
1465,2015/10/28,1.2698338
1466,2015/10/29,1.2727184
1467,2015/10/30,1.2756044
1468,2015/11/2,1.284268
1469,2015/11/3,1.2871577
1470,2015/11/4,1.2900488
1471,2015/11/5,1.2929405
1472,2015/11/6,1.2958332
1473,2015/11/9,1.3045174
1474,2015/11/10,1.3074144
1475,2015/11/11,1.3103123
1476,2015/11/12,1.313211
1477,2015/11/13,1.3161113
1478,2015/11/16,1.3248159
1479,2015/11/17,1.3277205
1480,2015/11/18,1.3306252
1481,2015/11/19,1.3335307
1482,2015/11/20,1.3364375
1483,2015/11/23,1.345164
1484,2015/11/24,1.3480742
1485,2015/11/25,1.350986
1486,2015/11/27,1.3568122
1487,2015/11/30,1.365559
1488,2015/12/1,1.3684766
1489,2015/12/2,1.3713951
1490,2015/12/3,1.3743145
1491,2015/12/4,1.377235
1492,2015/12/7,1.3860024
1493,2015/12/8,1.3889271
1494,2015/12/9,1.3918518
1495,2015/12/10,1.3947783
1496,2015/12/11,1.3977059
1497,2015/12/14,1.4064937
1498,2015/12/15,1.4094249
1499,2015/12/16,1.4123571
1500,2015/12/17,1.41529
1501,2015/12/18,1.4182239
1502,2015/12/21,1.4270316
1503,2015/12/22,1.4299698
1504,2015/12/23,1.4329089
1505,2015/12/24,1.4358494
1506,2015/12/28,1.447618
1507,2015/12/29,1.4505621
1508,2015/12/30,1.453508
1509,2015/12/31,1.4564549
