t,H=0.9,H=0.8,H=0.7
0,1,1,1
0.001,1.000019181,1.000418487,0.999046881
0.002,0.999911904,1.000388177,0.998823862
0.003,0.999927129,1.000655004,0.99871041
0.004,0.999849815,1.000853001,0.999411391
0.005,0.999762697,1.001239113,1.000281377
0.006,0.999694754,1.001399676,1.001245865
0.007,0.999569633,1.001535647,1.000940089
0.008,0.999540805,1.00134846,1.001765717
0.009,0.99953025,1.000675568,1.001826928
0.01,0.999370155,1.000123094,1.001051969
0.011,0.999020003,0.999577583,1.001053843
0.012,0.998896664,0.999519523,1.001369723
0.013,0.99875546,0.999076,1.002472844
0.014,0.998690182,0.998466241,1.002199962
0.015,0.998586075,0.998323369,1.001739832
0.016,0.998356824,0.998360769,1.000356605
0.017,0.998050346,0.998771616,1.00099986
0.018,0.997611999,0.998348235,1.001838273
0.019,0.997472176,0.998053515,1.002423228
0.02,0.997329625,0.99794171,1.002653998
0.021,0.997135535,0.997424126,1.003696763
0.022,0.997067234,0.997600341,1.002832395
0.023,0.997201624,0.997570206,1.002627677
0.024,0.99699396,0.99773456,1.001977759
0.025,0.996808391,0.997609543,1.002908064
0.026,0.996694969,0.997659353,1.003855443
0.027,0.996522902,0.997603348,1.004121596
0.028,0.996355007,0.997389662,1.005130639
0.029,0.996364805,0.996965532,1.006477954
0.03,0.996351009,0.996418626,1.00710664
0.031,0.996312934,0.995819344,1.006905968
0.032,0.996108536,0.995973831,1.006337186
0.033,0.995872612,0.995943493,1.006061113
0.034,0.995613294,0.995978832,1.005668339
0.035,0.995311734,0.995911871,1.005344774
0.036,0.99506554,0.995641045,1.004623666
0.037,0.994883405,0.995023833,1.003454967
0.038,0.994946451,0.994684151,1.003800387
0.039,0.995022987,0.994233406,1.00326208
0.04,0.994903397,0.994441941,1.00341043
0.041,0.994627572,0.99441099,1.003954326
0.042,0.99440914,0.994711321,1.003476678
0.043,0.994331595,0.995109369,1.004715105
0.044,0.994351839,0.995385592,1.004179187
0.045,0.994243227,0.994987569,1.004791053
0.046,0.994092087,0.994873043,1.00571853
0.047,0.994047771,0.994813389,1.005304139
0.048,0.994206487,0.994924121,1.005295219
0.049,0.994441335,0.994922019,1.004465723
0.05,0.994424441,0.995092375,1.00454007
0.051,0.994495337,0.995407323,1.005412464
0.052,0.994362861,0.995502189,1.005986142
0.053,0.99431372,0.995851332,1.006127778
0.054,0.994095004,0.996027401,1.006040543
0.055,0.99394589,0.996042725,1.005850868
0.056,0.993937618,0.995628502,1.005470545
0.057,0.993894394,0.99541099,1.005098771
0.058,0.993757867,0.994815423,1.005133973
0.059,0.993623075,0.994597698,1.0054706
0.06,0.99366384,0.994542242,1.005177082
0.061,0.993713394,0.994838955,1.006537819
0.062,0.993845757,0.995444155,1.006327873
0.063,0.993846095,0.996298821,1.005540196
0.064,0.993689879,0.997083963,1.005392031
0.065,0.993821879,0.997508901,1.004669368
0.066,0.993967671,0.997883491,1.005196431
0.067,0.993996357,0.997823815,1.00508154
0.068,0.99403142,0.99805875,1.00450273
0.069,0.993821288,0.998346301,1.005384239
0.07,0.993783026,0.998604798,1.00599215
0.071,0.9937858,0.998391769,1.005584162
0.072,0.993610499,0.998667365,1.005621948
0.073,0.993388453,0.998554491,1.006638682
0.074,0.993399005,0.998955283,1.00649037
0.075,0.993091572,0.998441175,1.006262865
0.076,0.99297987,0.99818701,1.006785508
0.077,0.99282533,0.99807866,1.006819055
0.078,0.99288473,0.998127486,1.006160141
0.079,0.992813212,0.997809132,1.005678631
0.08,0.992625122,0.997393276,1.004521232
0.081,0.992507937,0.996888476,1.004777744
0.082,0.992404553,0.996905054,1.004520201
0.083,0.992205326,0.996722889,1.005045682
0.084,0.991976867,0.997050249,1.004609742
0.085,0.991824887,0.99689324,1.006293952
0.086,0.991646543,0.996999675,1.006625758
0.087,0.991492807,0.997036399,1.006436462
0.088,0.991453182,0.996666871,1.00568789
0.089,0.991292743,0.996334492,1.0044438
0.09,0.991148646,0.996175295,1.005216253
0.091,0.991024924,0.995596897,1.004590195
0.092,0.99085024,0.995124434,1.002836227
0.093,0.990651852,0.995325753,1.001760908
0.094,0.990645042,0.99482934,1.002061609
0.095,0.990633916,0.994127582,1.002979782
0.096,0.990528598,0.993796521,1.003546442
0.097,0.990288368,0.993931341,1.004341686
0.098,0.990011499,0.993870263,1.005524153
0.099,0.989950067,0.993745766,1.006222063
0.1,0.989721144,0.993662122,1.006294974
0.101,0.98950976,0.993757824,1.006086262
0.102,0.989293307,0.994231725,1.005887657
0.103,0.989311407,0.995043295,1.004822031
0.104,0.989349113,0.995248841,1.005372146
0.105,0.989305438,0.995277582,1.005198657
0.106,0.989212875,0.995460026,1.005273046
0.107,0.989038034,0.995338445,1.005031074
0.108,0.988860157,0.995265724,1.005112953
0.109,0.988752489,0.995450597,1.006625243
0.11,0.988737201,0.994967789,1.006025546
0.111,0.988701981,0.994952549,1.005841696
0.112,0.988713504,0.995171184,1.007532
0.113,0.988768023,0.995234056,1.0065728
0.114,0.988770375,0.994942077,1.006257358
0.115,0.98884301,0.99456537,1.006675992
0.116,0.988965043,0.994658752,1.006693387
0.117,0.989158351,0.994749178,1.007296205
0.118,0.989251711,0.99453974,1.007765148
0.119,0.989438893,0.994172507,1.009474212
0.12,0.989497352,0.994675568,1.008847129
0.121,0.98970471,0.995112374,1.008011277
0.122,0.990109561,0.99590653,1.007834691
0.123,0.990296541,0.996431757,1.007785819
0.124,0.990693463,0.996966794,1.008455689
0.125,0.99091721,0.997302416,1.007686756
0.126,0.990941241,0.997630691,1.007787577
0.127,0.990977685,0.997649204,1.007774857
0.128,0.991187854,0.998434539,1.007753698
0.129,0.99142612,0.998419558,1.008412521
0.13,0.991487004,0.999465034,1.008610154
0.131,0.991598512,1.000582841,1.009187365
0.132,0.991710526,1.001202194,1.008516803
0.133,0.991718196,1.002236265,1.009499499
0.134,0.991847007,1.003552221,1.009647147
0.135,0.992109292,1.004050224,1.010498086
0.136,0.99246322,1.004380979,1.011023508
0.137,0.992646819,1.004145179,1.010752072
0.138,0.993020797,1.004093732,1.010528161
0.139,0.99307632,1.00385026,1.009623693
0.14,0.993425648,1.003309609,1.009635323
0.141,0.993884215,1.004011862,1.009496333
0.142,0.994371915,1.004880343,1.008590842
0.143,0.994506626,1.005411765,1.009093118
0.144,0.994645338,1.005909503,1.00773708
0.145,0.994783756,1.006099153,1.008401147
0.146,0.994838041,1.005802888,1.008804505
0.147,0.995174467,1.005693689,1.008132149
0.148,0.995321925,1.006420094,1.009149698
0.149,0.995423651,1.006728194,1.009450615
0.15,0.99573333,1.007248036,1.010018779
0.151,0.995833096,1.007814079,1.009809696
0.152,0.995974217,1.008637019,1.010482456
0.153,0.996056368,1.008608314,1.010786094
0.154,0.996135008,1.008348542,1.010096545
0.155,0.996128732,1.0081488,1.009785966
0.156,0.996122947,1.0086125,1.009382808
0.157,0.996315221,1.009098916,1.008688926
0.158,0.996569164,1.00903713,1.008579877
0.159,0.996559608,1.009460984,1.008906482
0.16,0.99649055,1.010064634,1.0080908
0.161,0.996549226,1.010134482,1.006952997
0.162,0.996673326,1.010166645,1.007171505
0.163,0.996623653,1.010215343,1.007744133
0.164,0.996665069,1.009928214,1.007916437
0.165,0.996617054,1.009770942,1.009725874
0.166,0.996428627,1.009123947,1.009098105
0.167,0.996431501,1.009286157,1.008460496
0.168,0.996344633,1.009413959,1.008874338
0.169,0.996223854,1.009243158,1.00902464
0.17,0.996145821,1.009513127,1.009160551
0.171,0.996320159,1.00990308,1.009559816
0.172,0.996504592,1.010106019,1.009519493
0.173,0.996713125,1.010246929,1.0089869
0.174,0.996812308,1.00962576,1.009471153
0.175,0.996727631,1.009500235,1.007864457
0.176,0.996847414,1.009521119,1.007927261
0.177,0.997096233,1.009379229,1.006664732
0.178,0.997050651,1.009193817,1.006719645
0.179,0.996749426,1.009257544,1.006659921
0.18,0.996758692,1.009231726,1.005943573
0.181,0.99681952,1.009236271,1.006004693
0.182,0.997008162,1.008830212,1.005052758
0.183,0.997210864,1.008794241,1.005687109
0.184,0.997409827,1.007986502,1.005267419
0.185,0.997375883,1.007515706,1.005331854
0.186,0.997363972,1.00700164,1.004647472
0.187,0.99734708,1.006279665,1.004386626
0.188,0.997555684,1.005698851,1.002653912
0.189,0.99780596,1.005642471,1.003270382
0.19,0.99806695,1.005801254,1.003221168
0.191,0.998335151,1.005843802,1.002526643
0.192,0.998348613,1.0060425,1.001726784
0.193,0.998350753,1.005887929,1.002093786
0.194,0.998235266,1.006222111,1.002378221
0.195,0.998115326,1.0064154,1.002487675
0.196,0.998038492,1.006617516,1.002450015
0.197,0.998070866,1.007082752,1.001738367
0.198,0.998035227,1.007381236,1.000999214
0.199,0.997945139,1.007888193,0.999510711
0.2,0.997870977,1.00816973,0.99986308
0.201,0.997760454,1.008496125,1.00026406
0.202,0.997613579,1.008525169,1.000744893
0.203,0.997464135,1.008442976,1.00037404
0.204,0.997408738,1.008666293,1.00199418
0.205,0.997251765,1.008996708,1.002473479
0.206,0.997197258,1.009306765,1.002308136
0.207,0.997132742,1.009602037,1.001733152
0.208,0.996974443,1.009690416,1.001572232
0.209,0.996729019,1.010066963,1.001926531
0.21,0.996485571,1.010340349,1.002892925
0.211,0.996110248,1.010624806,1.003606407
0.212,0.995768692,1.011347469,1.00349556
0.213,0.995690525,1.011745893,1.003648492
0.214,0.995610411,1.012589451,1.003431546
0.215,0.995448222,1.013056889,1.003500015
0.216,0.995351577,1.013424839,1.002721047
0.217,0.995351755,1.013098546,1.001760089
0.218,0.995033815,1.012660064,1.002827242
0.219,0.994776379,1.011890281,1.003040947
0.22,0.994720909,1.011751788,1.002356731
0.221,0.994598364,1.011461859,1.002118772
0.222,0.994466581,1.011543847,1.002073487
0.223,0.994098744,1.011485816,1.000812306
0.224,0.993888955,1.011295107,1.001327616
0.225,0.993677487,1.011150996,1.000785326
0.226,0.993413695,1.011544539,1.000840111
0.227,0.993456277,1.011842111,1.001739418
0.228,0.993275606,1.011419993,1.001532401
0.229,0.993296568,1.011579132,1.000701586
0.23,0.993183294,1.011961032,1.000144737
0.231,0.993020501,1.012214711,0.999690389
0.232,0.99279646,1.012365701,1.000652994
0.233,0.992653263,1.012902451,1.000610998
0.234,0.99252893,1.013305295,1.000824522
0.235,0.992324925,1.013978022,1.001638968
0.236,0.992380808,1.014289134,1.001798914
0.237,0.992087146,1.014624289,1.002381698
0.238,0.991764328,1.015349354,1.002728887
0.239,0.991653259,1.015965496,1.00279823
0.24,0.991478906,1.016627603,1.002669482
0.241,0.991303942,1.016056447,1.002750587
0.242,0.991051857,1.016295913,1.002182634
0.243,0.990849119,1.016538374,1.001928497
0.244,0.990957432,1.017342253,1.002747864
0.245,0.990955439,1.017867854,1.003196811
0.246,0.990934367,1.018403287,1.004690409
0.247,0.990542325,1.018952278,1.005656442
0.248,0.990421946,1.019025321,1.00688786
0.249,0.990258331,1.018818753,1.007520983
0.25,0.989753027,1.019285583,1.00727181
0.251,0.989555524,1.020089036,1.008395479
0.252,0.989362775,1.020302994,1.009013488
0.253,0.989211109,1.020292861,1.009097739
0.254,0.988939919,1.019753864,1.009169242
0.255,0.988587876,1.020178873,1.009028031
0.256,0.988283892,1.020185985,1.00940749
0.257,0.9882176,1.019662241,1.009823878
0.258,0.988290323,1.018966737,1.009919669
0.259,0.988197229,1.018888181,1.008471331
0.26,0.988033845,1.018886571,1.009221166
0.261,0.987914282,1.018866494,1.009122004
0.262,0.987492382,1.019158081,1.009203418
0.263,0.987171167,1.019358548,1.008446447
0.264,0.986877491,1.019555553,1.007228954
0.265,0.986708314,1.01949345,1.006176552
0.266,0.986671946,1.019524377,1.004820526
0.267,0.986646122,1.019838243,1.004992236
0.268,0.986561314,1.019861765,1.004250471
0.269,0.986641866,1.019809058,1.003782266
0.27,0.986819081,1.019237633,1.003661561
0.271,0.986932184,1.01915155,1.003176281
0.272,0.986751692,1.018905198,1.003258487
0.273,0.986643661,1.019325133,1.003104419
0.274,0.986560991,1.019098538,1.002490764
0.275,0.986523724,1.019107629,1.002990618
0.276,0.986334649,1.019528359,1.001821035
0.277,0.986262477,1.01930556,1.001860998
0.278,0.986255347,1.01865597,1.001307673
0.279,0.986179991,1.018204854,1.000576885
0.28,0.986221291,1.018512271,1.000670238
0.281,0.986233294,1.018764723,0.99939987
0.282,0.986313353,1.01890539,0.999591161
0.283,0.986027406,1.019289692,0.99882483
0.284,0.985655989,1.019362473,0.999234601
0.285,0.985279141,1.019715672,0.99818339
0.286,0.985069961,1.019899064,0.998250201
0.287,0.98493121,1.019996483,0.998169321
0.288,0.984997472,1.019908456,0.998209438
0.289,0.984969757,1.019920818,0.998333209
0.29,0.984839541,1.02007488,0.998753678
0.291,0.984655778,1.020569898,0.999474986
0.292,0.984518634,1.020436274,0.999753185
0.293,0.984389859,1.020084208,0.998560998
0.294,0.984165094,1.019941464,0.998662584
0.295,0.983904814,1.02007663,0.998806745
0.296,0.983724325,1.019849813,0.999269742
0.297,0.983558451,1.019825569,0.998095625
0.298,0.983616814,1.019523642,0.997385809
0.299,0.983440829,1.019023589,0.997136282
0.3,0.983139892,1.018844355,0.997065228
0.301,0.98289476,1.018672066,0.997032816
0.302,0.982484408,1.018942829,0.996984007
0.303,0.982211016,1.019340667,0.996196613
0.304,0.981914319,1.020013956,0.997106341
0.305,0.9818096,1.019728796,0.998298099
0.306,0.981693709,1.019632812,0.997648586
0.307,0.981469132,1.019965343,0.997174274
0.308,0.981364204,1.02032803,0.995318916
0.309,0.981118961,1.019786416,0.994362111
0.31,0.980951282,1.0191484,0.995387432
0.311,0.980884256,1.018679271,0.9953523
0.312,0.980671015,1.018394708,0.994520577
0.313,0.980538137,1.018703888,0.994548419
0.314,0.980553535,1.018792232,0.994490884
0.315,0.980611652,1.019000257,0.994261025
0.316,0.980391355,1.018534848,0.995313217
0.317,0.98012319,1.018294456,0.996359046
0.318,0.980138273,1.018567288,0.995555316
0.319,0.980147165,1.018241468,0.994467656
0.32,0.980108877,1.018216563,0.9942566
0.321,0.979867359,1.01777658,0.994146119
0.322,0.979551767,1.017291974,0.992860459
0.323,0.979039159,1.016683128,0.992268049
0.324,0.978820134,1.016295904,0.992041368
0.325,0.978544475,1.016164593,0.99236215
0.326,0.978369208,1.016092471,0.992294802
0.327,0.978298811,1.016219012,0.991939928
0.328,0.978255632,1.016163514,0.991971898
0.329,0.978139643,1.016396727,0.992216083
0.33,0.978132269,1.015819553,0.991939452
0.331,0.978251493,1.015471607,0.991879854
0.332,0.978252476,1.015114639,0.99169876
0.333,0.978361342,1.014349475,0.991160506
0.334,0.978273826,1.013267545,0.989756155
0.335,0.978207093,1.012242079,0.990369727
0.336,0.978186881,1.011970114,0.990245027
0.337,0.978140541,1.012371299,0.991032894
0.338,0.978036297,1.012158144,0.992099398
0.339,0.977941547,1.012086508,0.992979222
0.34,0.977763746,1.01181366,0.992432074
0.341,0.977677043,1.011799345,0.992495649
0.342,0.977615639,1.011906273,0.99380204
0.343,0.977561907,1.012088893,0.993634295
0.344,0.977334496,1.012200788,0.993580558
0.345,0.977260351,1.01259367,0.993071386
0.346,0.977005874,1.01321587,0.993399567
0.347,0.976767601,1.013532063,0.993914026
0.348,0.976666511,1.013412626,0.993275867
0.349,0.97659648,1.014063688,0.993028591
0.35,0.976627764,1.01414489,0.991702956
0.351,0.976540996,1.014225862,0.991649721
0.352,0.976528377,1.014035117,0.989631503
0.353,0.976330582,1.014409272,0.989691073
0.354,0.976388518,1.01419186,0.989638767
0.355,0.976327974,1.013511117,0.98876647
0.356,0.976269791,1.013306852,0.987656555
0.357,0.976087068,1.013140617,0.98704954
0.358,0.975958373,1.012620179,0.986521138
0.359,0.976029347,1.012769916,0.986318569
0.36,0.976014888,1.012848922,0.985425373
0.361,0.975929473,1.012616196,0.985089875
0.362,0.975900436,1.012977762,0.984542116
0.363,0.975823822,1.013217175,0.984439638
0.364,0.975607003,1.013274376,0.984594896
0.365,0.975423111,1.013292846,0.983763393
0.366,0.975223831,1.013250157,0.983461935
0.367,0.975064955,1.013294291,0.982365422
0.368,0.975040898,1.013216617,0.982212022
0.369,0.975159079,1.012803118,0.980731119
0.37,0.975279788,1.01223978,0.980759043
0.371,0.975322013,1.011278348,0.981215333
0.372,0.975274773,1.010970708,0.981968498
0.373,0.97518793,1.010702647,0.982537625
0.374,0.974970204,1.010499001,0.983098984
0.375,0.974871845,1.010622863,0.982220828
0.376,0.974721225,1.010386304,0.981966894
0.377,0.974508124,1.010299691,0.981254813
0.378,0.974231437,1.01033031,0.981879069
0.379,0.97417306,1.010646538,0.981577817
0.38,0.974064027,1.010571608,0.981572084
0.381,0.973971817,1.01086876,0.980551922
0.382,0.973903133,1.011212366,0.981016267
0.383,0.97374845,1.011216163,0.979823241
0.384,0.973642282,1.011543059,0.978994791
0.385,0.97369493,1.01143265,0.978769918
0.386,0.973576522,1.010881715,0.978100349
0.387,0.973507624,1.010686442,0.978180494
0.388,0.973510173,1.010812526,0.977779391
0.389,0.97347676,1.010880929,0.978546895
0.39,0.973377223,1.010766967,0.978758381
0.391,0.973400527,1.011020996,0.978223273
0.392,0.973417757,1.011296702,0.978525192
0.393,0.973140165,1.01173107,0.977437869
0.394,0.973014216,1.012456736,0.977061519
0.395,0.973201204,1.01285024,0.977315299
0.396,0.973156225,1.013354354,0.976413065
0.397,0.973210491,1.013455044,0.975751098
0.398,0.973137021,1.013776931,0.975386413
0.399,0.973146607,1.013973384,0.97531348
0.4,0.973184197,1.013606356,0.97561928
0.401,0.973323072,1.013713769,0.975130977
0.402,0.973273489,1.014066172,0.975383997
0.403,0.973443215,1.01416655,0.975276834
0.404,0.973412211,1.014174899,0.975395004
0.405,0.973451638,1.014291853,0.975553121
0.406,0.97351516,1.01412191,0.976292684
0.407,0.973436905,1.014507258,0.977234229
0.408,0.973669844,1.014681512,0.977802987
0.409,0.973671287,1.014925115,0.977779779
0.41,0.973473361,1.014865762,0.977668987
0.411,0.973457503,1.014369342,0.97678612
0.412,0.973377518,1.014091183,0.978129936
0.413,0.973298876,1.013933962,0.977452887
0.414,0.973357446,1.013425137,0.977432944
0.415,0.973337199,1.013435995,0.976917323
0.416,0.973326421,1.013178346,0.975815642
0.417,0.97355951,1.013326655,0.974698426
0.418,0.973647145,1.013404702,0.974848653
0.419,0.973656275,1.012986057,0.97409944
0.42,0.973678989,1.012272015,0.973951411
0.421,0.973689108,1.011879568,0.974376815
0.422,0.973670744,1.011556279,0.974837884
0.423,0.97359338,1.011675749,0.975265271
0.424,0.973476778,1.011573416,0.975039486
0.425,0.973358785,1.010662788,0.97474521
0.426,0.973455663,1.009554328,0.974915214
0.427,0.973590395,1.008608032,0.975001019
0.428,0.97345174,1.007719963,0.975268753
0.429,0.973378792,1.006786118,0.975137804
0.43,0.973065616,1.005908309,0.975276865
0.431,0.973283004,1.005055633,0.975208598
0.432,0.973479094,1.004553766,0.974416177
0.433,0.973354951,1.004320544,0.974677861
0.434,0.973352775,1.003862285,0.974639717
0.435,0.973219869,1.003457599,0.974712178
0.436,0.973049031,1.002752993,0.974872864
0.437,0.972988293,1.002992166,0.975631165
0.438,0.973008898,1.003204255,0.974446855
0.439,0.972963952,1.003548215,0.974363996
0.44,0.973178554,1.003332743,0.974113687
0.441,0.973213733,1.00308111,0.975247898
0.442,0.973162544,1.00339486,0.974202166
0.443,0.973149113,1.004247004,0.973991738
0.444,0.973104705,1.004236995,0.974953728
0.445,0.972930155,1.004214406,0.973236199
0.446,0.972858132,1.004249955,0.973146011
0.447,0.972598641,1.004688005,0.972817541
0.448,0.972386373,1.004714261,0.973301335
0.449,0.97216575,1.005013138,0.97325771
0.45,0.972193218,1.005203028,0.974683511
0.451,0.972306946,1.005385408,0.976152238
0.452,0.972502158,1.006080739,0.976662583
0.453,0.972607011,1.006549271,0.977853289
0.454,0.972492491,1.007325928,0.978004272
0.455,0.97262583,1.007919617,0.978198332
0.456,0.972623255,1.008752243,0.977922739
0.457,0.97268245,1.009294076,0.978521429
0.458,0.97255526,1.009790758,0.97954374
0.459,0.972328659,1.010128495,0.980105767
0.46,0.972229899,1.010314932,0.980331779
0.461,0.972509881,1.010786922,0.981358319
0.462,0.972722816,1.011441271,0.981360451
0.463,0.972891626,1.011565902,0.980407625
0.464,0.972893697,1.0116263,0.98022115
0.465,0.972888443,1.011702948,0.980423504
0.466,0.972973279,1.012051769,0.978913075
0.467,0.973025862,1.012176745,0.979823782
0.468,0.973080787,1.012150115,0.979056554
0.469,0.973061023,1.012258827,0.978626109
0.47,0.972865138,1.012317842,0.979011827
0.471,0.972946378,1.012575389,0.979971904
0.472,0.972927985,1.01300392,0.980614524
0.473,0.973029202,1.013034651,0.980962393
0.474,0.973247637,1.012977876,0.980448128
0.475,0.973289553,1.013155884,0.979994474
0.476,0.973224786,1.013668394,0.980221012
0.477,0.973220731,1.014900742,0.981526621
0.478,0.973176454,1.015513236,0.981511903
0.479,0.972999995,1.015847267,0.981436802
0.48,0.97285936,1.016439991,0.98036518
0.481,0.972983801,1.01690355,0.979985415
0.482,0.973024803,1.017065906,0.979300269
0.483,0.972920054,1.017120989,0.980090564
0.484,0.972902181,1.017772931,0.979532424
0.485,0.972846948,1.018273406,0.97868757
0.486,0.973064985,1.01801607,0.977355326
0.487,0.973162899,1.01794528,0.976485915
0.488,0.973385995,1.017845634,0.976864326
0.489,0.973548351,1.017339229,0.976781854
0.49,0.973741802,1.017502449,0.976512097
0.491,0.9737285,1.017367494,0.976606351
0.492,0.973727287,1.017675423,0.976464238
0.493,0.973854745,1.017316744,0.978385221
0.494,0.974031328,1.017192277,0.97910573
0.495,0.973952741,1.017199832,0.980695417
0.496,0.973852812,1.017394692,0.981096801
0.497,0.973996531,1.016831577,0.982349899
0.498,0.974045633,1.016226453,0.982112354
0.499,0.974210769,1.015966372,0.982012468
0.5,0.974261532,1.015675535,0.982413005
0.501,0.974198659,1.014991354,0.982610952
0.502,0.974268537,1.014828494,0.983620487
0.503,0.974139363,1.014238369,0.983695658
0.504,0.974086285,1.01381838,0.985031473
0.505,0.974175316,1.013183834,0.985898878
0.506,0.974118835,1.012614594,0.98644967
0.507,0.974124992,1.012050049,0.986594103
0.508,0.973976051,1.011751594,0.98786504
0.509,0.97386666,1.011316058,0.987945089
0.51,0.97388473,1.010859533,0.988256493
0.511,0.973885364,1.010526122,0.988435381
0.512,0.973698817,1.010217231,0.989098854
0.513,0.973577366,1.00981044,0.989395669
0.514,0.973437964,1.009500638,0.988222789
0.515,0.97358254,1.009760994,0.988510392
0.516,0.973662958,1.009583381,0.988350913
0.517,0.973450569,1.009547026,0.98759947
0.518,0.973389764,1.009426133,0.987659104
0.519,0.973202515,1.008390433,0.98804328
0.52,0.973079336,1.008184227,0.987251542
0.521,0.973001813,1.007979319,0.987161081
0.522,0.972783878,1.007821762,0.987401592
0.523,0.972566792,1.007996864,0.987263271
0.524,0.972456591,1.007786938,0.986149982
0.525,0.972383033,1.007517338,0.98550553
0.526,0.972174768,1.008005187,0.985605001
0.527,0.97187955,1.00828411,0.984633068
0.528,0.971634872,1.008072266,0.984218808
0.529,0.971647383,1.008120099,0.983835414
0.53,0.971743738,1.007709776,0.982706705
0.531,0.971715893,1.007498332,0.981206474
0.532,0.971608055,1.007643221,0.980934902
0.533,0.971427036,1.007124994,0.980041832
0.534,0.97123423,1.006542458,0.980557087
0.535,0.970967243,1.006614694,0.980242173
0.536,0.970756552,1.00668697,0.98042023
0.537,0.970480869,1.006676394,0.980952853
0.538,0.970260572,1.006817508,0.980792332
0.539,0.970033341,1.007299654,0.980600507
0.54,0.969767983,1.007358668,0.980963845
0.541,0.969547735,1.007554354,0.979670013
0.542,0.969330811,1.00726438,0.978596166
0.543,0.968905888,1.007497877,0.97774605
0.544,0.968544265,1.007328715,0.976029776
0.545,0.968210859,1.007245256,0.977026192
0.546,0.967928146,1.007338148,0.976578505
0.547,0.967777515,1.007718796,0.975635836
0.548,0.967676706,1.007469261,0.976047965
0.549,0.967409927,1.006773771,0.975329904
0.55,0.967494865,1.006436739,0.976146985
0.551,0.967428416,1.006824117,0.976951337
0.552,0.967329192,1.006845025,0.976859746
0.553,0.967359614,1.006850778,0.976642052
0.554,0.967144293,1.007271113,0.975851357
0.555,0.967023967,1.007563983,0.975021147
0.556,0.967222194,1.008220284,0.974651558
0.557,0.967180176,1.008627704,0.974497459
0.558,0.967090172,1.008924084,0.976120799
0.559,0.966937291,1.009127025,0.976620113
0.56,0.966648906,1.009290716,0.976240594
0.561,0.966462662,1.009585354,0.974861918
0.562,0.96650102,1.009937811,0.974328845
0.563,0.966239973,1.010454127,0.974264918
0.564,0.965913577,1.010360482,0.974439127
0.565,0.965751867,1.010446322,0.975319625
0.566,0.965741183,1.010954136,0.975831282
0.567,0.965722197,1.010384512,0.9770758
0.568,0.965537768,1.010413473,0.978240258
0.569,0.965390126,1.010478136,0.977423153
0.57,0.965153033,1.010430754,0.97639041
0.571,0.964850068,1.010798422,0.976993259
0.572,0.964322292,1.01117907,0.977963145
0.573,0.964062081,1.011679673,0.979092592
0.574,0.963586655,1.011712126,0.980546417
0.575,0.963010572,1.012004434,0.981473518
0.576,0.962562064,1.012419009,0.981894338
0.577,0.962264865,1.012917672,0.982415997
0.578,0.961957083,1.013166229,0.981992399
0.579,0.961816388,1.013176894,0.981663044
0.58,0.961515823,1.013341584,0.980989824
0.581,0.961372588,1.01397037,0.980441892
0.582,0.961439091,1.014611413,0.979827267
0.583,0.961318462,1.014811263,0.979461631
0.584,0.961320456,1.014738059,0.978645079
0.585,0.961238813,1.014645116,0.977574913
0.586,0.961138405,1.014898992,0.977366263
0.587,0.960919294,1.014512942,0.977626241
0.588,0.960718536,1.014499973,0.978243736
0.589,0.960349768,1.014627798,0.979247902
0.59,0.960025484,1.014403162,0.97900472
0.591,0.959814301,1.014295282,0.978061889
0.592,0.959545339,1.013816761,0.978207976
0.593,0.959293522,1.0129449,0.977620528
0.594,0.958952326,1.012423314,0.977220536
0.595,0.958663712,1.012219802,0.976335513
0.596,0.958482602,1.012397159,0.976594919
0.597,0.958040213,1.012024372,0.975798675
0.598,0.957857569,1.011824249,0.976628322
0.599,0.957688117,1.011691483,0.977910935
0.6,0.957482808,1.011848429,0.977800287
0.601,0.957346017,1.011635012,0.977394489
0.602,0.957278168,1.011794943,0.97779706
0.603,0.957083488,1.011817047,0.97776176
0.604,0.957014044,1.011892571,0.978395007
0.605,0.956977299,1.011819682,0.978094382
0.606,0.956872277,1.01185728,0.978400665
0.607,0.956712681,1.011675302,0.977649935
0.608,0.9564693,1.011207343,0.976653387
0.609,0.956250419,1.010456482,0.975436836
0.61,0.956207464,1.010697664,0.975883731
0.611,0.956274445,1.010964767,0.975940654
0.612,0.956210926,1.010910673,0.976412282
0.613,0.956068993,1.011388543,0.975851369
0.614,0.95602961,1.011737582,0.973881945
0.615,0.955912801,1.011665964,0.974632125
0.616,0.955675751,1.011188655,0.974944323
0.617,0.955510412,1.010670363,0.976946553
0.618,0.955439339,1.010292261,0.976613439
0.619,0.955277571,1.01010288,0.977325401
0.62,0.954949661,1.010302603,0.976648006
0.621,0.954571319,1.009827226,0.976818907
0.622,0.954125684,1.010008868,0.976121161
0.623,0.953907648,1.009453904,0.976137149
0.624,0.953567751,1.009227608,0.975219457
0.625,0.953300587,1.009140425,0.976891951
0.626,0.952866081,1.008799062,0.977750501
0.627,0.952638006,1.008238908,0.977893916
0.628,0.952370802,1.008183174,0.978549793
0.629,0.952148693,1.007377635,0.979219306
0.63,0.951992526,1.006999194,0.97957781
0.631,0.951873007,1.00670954,0.980317322
0.632,0.95178948,1.006109892,0.980840128
0.633,0.951700588,1.006305685,0.979887396
0.634,0.951569192,1.006308205,0.980280138
0.635,0.951650974,1.006553237,0.980174984
0.636,0.951658622,1.006774605,0.980338938
0.637,0.95165121,1.007054876,0.980564561
0.638,0.951487426,1.006972121,0.980980003
0.639,0.951437606,1.006798531,0.980915641
0.64,0.951302223,1.006741256,0.979959339
0.641,0.951289562,1.006837088,0.980524199
0.642,0.951226424,1.006817578,0.980741066
0.643,0.951394824,1.007826323,0.980089683
0.644,0.951280156,1.008161019,0.979933603
0.645,0.951130472,1.008324482,0.978694292
0.646,0.951098533,1.008407997,0.979065245
0.647,0.951041084,1.008816428,0.978867929
0.648,0.951126522,1.008959023,0.977431464
0.649,0.951391924,1.008843126,0.977727199
0.65,0.951384523,1.008587041,0.978520904
0.651,0.951290418,1.008575141,0.978321495
0.652,0.951330787,1.00881417,0.978207139
0.653,0.951410851,1.008777863,0.978641462
0.654,0.951457895,1.009050377,0.978810268
0.655,0.951363014,1.009356346,0.978000195
0.656,0.95129123,1.009715859,0.977926729
0.657,0.951191645,1.009795769,0.978214339
0.658,0.950976039,1.009764361,0.979527355
0.659,0.951063365,1.009364867,0.980724266
0.66,0.950808736,1.009101102,0.980497961
0.661,0.950924937,1.008491894,0.981782916
0.662,0.950927443,1.008084691,0.982841615
0.663,0.951014656,1.007489152,0.983040715
0.664,0.951201256,1.007607787,0.983835826
0.665,0.951401636,1.007265526,0.984370579
0.666,0.951470971,1.007038871,0.984484924
0.667,0.951349051,1.006986647,0.985195833
0.668,0.951494934,1.006925467,0.985251983
0.669,0.951572075,1.006705718,0.984653995
0.67,0.951596559,1.006328153,0.98431757
0.671,0.951504717,1.005814129,0.983854411
0.672,0.95147593,1.005404779,0.983238292
0.673,0.951406122,1.005315961,0.982199828
0.674,0.951500838,1.005144196,0.982499655
0.675,0.951653313,1.005038414,0.981073115
0.676,0.951779976,1.005112125,0.981523397
0.677,0.951827593,1.00543409,0.981189115
0.678,0.952043872,1.004817934,0.980121139
0.679,0.952161165,1.004709018,0.98006784
0.68,0.952340088,1.004760755,0.980263521
0.681,0.952294298,1.00531011,0.98002753
0.682,0.9523611,1.00582564,0.981266521
0.683,0.952302974,1.005961528,0.981029471
0.684,0.952303809,1.005705458,0.983311735
0.685,0.95242138,1.005699578,0.982593385
0.686,0.952505995,1.005650097,0.983918322
0.687,0.952489666,1.006119612,0.984106994
0.688,0.952449382,1.006580314,0.984593135
0.689,0.952305231,1.006693783,0.985037685
0.69,0.95228591,1.006582175,0.98534962
0.691,0.952123703,1.006780605,0.985464305
0.692,0.952068023,1.006785777,0.985116669
0.693,0.951903345,1.006184759,0.984710723
0.694,0.951739262,1.006274608,0.98537072
0.695,0.951765678,1.006796015,0.986082472
0.696,0.951664533,1.007685157,0.987031979
0.697,0.951745338,1.008816085,0.987945966
0.698,0.951709691,1.009511002,0.98790375
0.699,0.951527819,1.010310004,0.9885826
0.7,0.951333532,1.010770873,0.989772998
0.701,0.951261196,1.01104624,0.990957654
0.702,0.950959275,1.011310325,0.992350114
0.703,0.950680425,1.011087772,0.994104983
0.704,0.950426158,1.011330502,0.994436496
0.705,0.9502083,1.011845673,0.99359173
0.706,0.949890605,1.012122267,0.993841796
0.707,0.949317636,1.012491595,0.99392914
0.708,0.948912326,1.013177552,0.99488173
0.709,0.948486519,1.013394617,0.994907211
0.71,0.948098928,1.01347378,0.995888265
0.711,0.947528046,1.013999255,0.996307986
0.712,0.94700829,1.014802019,0.995635495
0.713,0.946481151,1.015041128,0.996302016
0.714,0.946041645,1.015440564,0.995935207
0.715,0.945717132,1.016488587,0.996137526
0.716,0.945343694,1.016481134,0.996906328
0.717,0.944895293,1.016891586,0.996857491
0.718,0.944622729,1.017465774,0.996525786
0.719,0.944363813,1.017493062,0.996236817
0.72,0.944211519,1.017647544,0.995069809
0.721,0.943908413,1.01773498,0.994595319
0.722,0.94352726,1.017863252,0.994245328
0.723,0.943310823,1.018600934,0.994186252
0.724,0.943205267,1.018744844,0.993495426
0.725,0.94310846,1.019434353,0.992398378
0.726,0.942708447,1.019841912,0.991962686
0.727,0.942456744,1.02042427,0.992697627
0.728,0.942474414,1.020748868,0.993663561
0.729,0.942417172,1.020934111,0.994422569
0.73,0.941898997,1.0211561,0.995588078
0.731,0.941485277,1.021212679,0.996407653
0.732,0.940959256,1.021717901,0.995856816
0.733,0.940407741,1.021515585,0.994479454
0.734,0.939921613,1.022056855,0.994146476
0.735,0.939476385,1.022373215,0.993710892
0.736,0.939048951,1.023059216,0.993543005
0.737,0.938877664,1.023738626,0.993206018
0.738,0.938850851,1.02424626,0.992645529
0.739,0.939066725,1.024265955,0.991177084
0.74,0.93916311,1.024378141,0.990005962
0.741,0.939268858,1.024558068,0.990552943
0.742,0.939239435,1.024903098,0.990694641
0.743,0.93919338,1.025803192,0.990546698
0.744,0.939028613,1.026314094,0.989960079
0.745,0.938874657,1.026525487,0.989039645
0.746,0.938984435,1.026995228,0.988817787
0.747,0.938904157,1.026808344,0.988421458
0.748,0.938750784,1.02696666,0.986810047
0.749,0.938628618,1.027266475,0.986733709
0.75,0.93827783,1.027502066,0.987290706
0.751,0.937964928,1.02791993,0.987610852
0.752,0.937850782,1.028417018,0.988059889
0.753,0.937587543,1.028316598,0.988459377
0.754,0.937182007,1.028243839,0.987974803
0.755,0.936937367,1.028128101,0.98764484
0.756,0.936788873,1.028096211,0.987003389
0.757,0.936806139,1.028025633,0.986775201
0.758,0.93667569,1.027941822,0.986897011
0.759,0.936594262,1.028247761,0.986875987
0.76,0.93645592,1.028051949,0.986329098
0.761,0.936408337,1.028395069,0.98636891
0.762,0.936163255,1.028625522,0.985948781
0.763,0.935874361,1.028982096,0.986447217
0.764,0.935591612,1.029634753,0.986790841
0.765,0.935390845,1.030081831,0.98668332
0.766,0.935264709,1.030569484,0.987353492
0.767,0.934880854,1.031515468,0.988211516
0.768,0.93476188,1.031473123,0.988715534
0.769,0.934691946,1.031202308,0.988554312
0.77,0.934617606,1.031708601,0.990046736
0.771,0.934586482,1.032839952,0.989364165
0.772,0.934587049,1.033364116,0.98856269
0.773,0.93460609,1.033504661,0.989293086
0.774,0.934668067,1.03395462,0.98905025
0.775,0.934892034,1.034243808,0.98880157
0.776,0.934807332,1.03454886,0.988678851
0.777,0.934552618,1.03425574,0.989136083
0.778,0.93436445,1.034138277,0.989953338
0.779,0.934033704,1.033632557,0.989779202
0.78,0.933882059,1.033137164,0.991450903
0.781,0.933670626,1.033005267,0.992512744
0.782,0.933642992,1.032442266,0.992115121
0.783,0.933733796,1.031633285,0.992697881
0.784,0.933836501,1.031224321,0.994196101
0.785,0.933891609,1.031059734,0.994123038
0.786,0.934097735,1.030607255,0.995453603
0.787,0.934188533,1.030482322,0.996084181
0.788,0.93434987,1.030452362,0.996232743
0.789,0.934667407,1.030410126,0.99809775
0.79,0.934638359,1.029746233,0.998992883
0.791,0.934662467,1.02975866,0.999894975
0.792,0.9346844,1.030351485,1.000497538
0.793,0.934704728,1.030701685,1.001064711
0.794,0.93471037,1.030806824,1.001144167
0.795,0.934654275,1.030829682,1.001436503
0.796,0.934776198,1.030876923,1.002299674
0.797,0.934939095,1.030896028,1.002356756
0.798,0.934937847,1.031261405,1.002608042
0.799,0.934757677,1.031130709,1.003233021
0.8,0.934615848,1.03080064,1.003613225
0.801,0.93448087,1.030517631,1.004088711
0.802,0.934310203,1.029779094,1.003378883
0.803,0.934112445,1.030023322,1.002099841
0.804,0.93393673,1.030088784,1.0029799
0.805,0.933855192,1.029603988,1.002849766
0.806,0.933945722,1.029727573,1.002899702
0.807,0.933963448,1.030270124,1.003077148
0.808,0.933965333,1.030489589,1.003404338
0.809,0.934073853,1.030584787,1.003873002
0.81,0.934092347,1.030927937,1.005066976
0.811,0.934153949,1.031247098,1.006514976
0.812,0.934172726,1.031598279,1.006958214
0.813,0.934000231,1.031756823,1.007363875
0.814,0.933801852,1.032338411,1.007187827
0.815,0.933586282,1.032861827,1.007861667
0.816,0.933325589,1.032995067,1.00819758
0.817,0.933269213,1.032860249,1.008617348
0.818,0.933089949,1.033297844,1.008823997
0.819,0.932898014,1.033894272,1.009157682
0.82,0.9327447,1.034175289,1.009169675
0.821,0.932575994,1.034252673,1.009769302
0.822,0.932320004,1.034495021,1.010537468
0.823,0.932232136,1.034729196,1.011559113
0.824,0.932193437,1.034554971,1.011546765
0.825,0.932246349,1.034287016,1.011050775
0.826,0.932261934,1.034509726,1.010557358
0.827,0.93212094,1.034622506,1.009984987
0.828,0.932050827,1.034111106,1.010818165
0.829,0.932149251,1.033667021,1.01045858
0.83,0.932153034,1.033819269,1.010381546
0.831,0.932278633,1.033906937,1.011240402
0.832,0.932356229,1.033729495,1.012613082
0.833,0.932455474,1.033260875,1.013334056
0.834,0.932575596,1.032920858,1.013538539
0.835,0.932832759,1.03294791,1.014591921
0.836,0.932951492,1.03225613,1.015175797
0.837,0.933062225,1.032026598,1.015801975
0.838,0.933030804,1.032134098,1.016305245
0.839,0.932881575,1.032616967,1.017635348
0.84,0.932807073,1.03230799,1.018871393
0.841,0.93275064,1.032306913,1.018971135
0.842,0.932889842,1.031852228,1.019642738
0.843,0.932937865,1.03149077,1.020674956
0.844,0.932778783,1.030990731,1.022925666
0.845,0.932694396,1.030539219,1.023238459
0.846,0.932758046,1.030690802,1.0239105
0.847,0.932868112,1.030779714,1.024692954
0.848,0.932993407,1.030728361,1.024454295
0.849,0.932942559,1.030999141,1.024969814
0.85,0.933015271,1.030843135,1.024269396
0.851,0.932889712,1.030402828,1.025204774
0.852,0.932957597,1.030607689,1.024925561
0.853,0.933021037,1.030214024,1.025024126
0.854,0.932905659,1.029608716,1.023514485
0.855,0.932701984,1.02969811,1.023431904
0.856,0.932752182,1.029793664,1.023218653
0.857,0.932657151,1.029642062,1.023454706
0.858,0.932520445,1.030224848,1.023812352
0.859,0.932341863,1.030055073,1.024180717
0.86,0.932231918,1.02906911,1.023398274
0.861,0.931953426,1.028719976,1.022253024
0.862,0.931743019,1.029461146,1.020568332
0.863,0.931496894,1.029524948,1.021648237
0.864,0.93118535,1.02908164,1.022203794
0.865,0.930994248,1.028444562,1.022865736
0.866,0.930874128,1.028095778,1.022118985
0.867,0.930954695,1.027937515,1.022068797
0.868,0.931008608,1.026887363,1.02308295
0.869,0.930936658,1.026355541,1.023224133
0.87,0.93102155,1.025812459,1.023435954
0.871,0.931054397,1.025574043,1.022668013
0.872,0.931041586,1.02517451,1.022350157
0.873,0.931122853,1.024312661,1.021726888
0.874,0.93108971,1.023326473,1.020956697
0.875,0.931209448,1.022745501,1.021087095
0.876,0.931194903,1.022332543,1.021506653
0.877,0.931153957,1.022426683,1.021861915
0.878,0.931005263,1.022101756,1.022471252
0.879,0.930826955,1.021969762,1.022006267
0.88,0.930759221,1.022005796,1.021899361
0.881,0.930667923,1.021939099,1.022842512
0.882,0.930813655,1.02149174,1.02351509
0.883,0.930840424,1.021469515,1.024632766
0.884,0.930949069,1.021513075,1.024157881
0.885,0.931118119,1.021320393,1.022954106
0.886,0.931222949,1.021359752,1.022197633
0.887,0.931261852,1.021308359,1.021660127
0.888,0.931047015,1.021105382,1.02086843
0.889,0.930958065,1.021015276,1.020585798
0.89,0.930876112,1.021019178,1.018430259
0.891,0.930879663,1.020992558,1.018382899
0.892,0.930845392,1.020261744,1.018119684
0.893,0.930878417,1.01966283,1.016441309
0.894,0.930724826,1.019023143,1.015494356
0.895,0.930739839,1.01903685,1.014481808
0.896,0.930724104,1.019100408,1.01494995
0.897,0.930605939,1.019581707,1.014380591
0.898,0.930627592,1.019810505,1.013788706
0.899,0.930782548,1.019304004,1.013045241
0.9,0.930720591,1.019299366,1.012176381
0.901,0.930613974,1.019161131,1.011012448
0.902,0.930754452,1.018938865,1.010932585
0.903,0.930926332,1.018556273,1.009730566
0.904,0.931026211,1.01858183,1.009137938
0.905,0.930950633,1.018486002,1.009756045
0.906,0.931146621,1.018842274,1.010316239
0.907,0.931166173,1.019297013,1.009212778
0.908,0.931162985,1.020168322,1.008063639
0.909,0.931119197,1.020674108,1.007432305
0.91,0.930925865,1.021229817,1.00656534
0.911,0.930816418,1.022189263,1.007452089
0.912,0.931002827,1.02277608,1.007799203
0.913,0.931134132,1.023330923,1.007625863
0.914,0.931197225,1.023309309,1.008128471
0.915,0.93119393,1.022875,1.007942628
0.916,0.931302423,1.022854702,1.008484968
0.917,0.931490348,1.023623783,1.007361568
0.918,0.931643673,1.023637283,1.006920032
0.919,0.931751332,1.023911117,1.007255597
0.92,0.931921353,1.024500272,1.007830487
0.921,0.931899157,1.025034239,1.007526289
0.922,0.93176202,1.025113677,1.006999732
0.923,0.931651581,1.025152424,1.007069244
0.924,0.931500885,1.025603632,1.007255239
0.925,0.931660646,1.025925331,1.006450728
0.926,0.931594821,1.026284632,1.005873062
0.927,0.931333575,1.026535437,1.006236421
0.928,0.931098002,1.026507022,1.005905607
0.929,0.930984101,1.026548741,1.005942385
0.93,0.931219035,1.026527154,1.006318117
0.931,0.931216038,1.027060667,1.006054608
0.932,0.931237857,1.027502844,1.004832303
0.933,0.931213129,1.027976564,1.005996025
0.934,0.931383231,1.028542262,1.007471165
0.935,0.931639885,1.028988959,1.007386173
0.936,0.931746517,1.028847792,1.006887398
0.937,0.931978746,1.028686795,1.005141305
0.938,0.932143306,1.028110861,1.005404494
0.939,0.932502753,1.028076252,1.00407745
0.94,0.932540661,1.027391186,1.003543992
0.941,0.932678634,1.027309865,1.004044477
0.942,0.932570362,1.027320969,1.005599976
0.943,0.932451633,1.027536746,1.005464643
0.944,0.93227081,1.02765899,1.004043682
0.945,0.932081024,1.028123851,1.003749407
0.946,0.932095066,1.028373887,1.003583281
0.947,0.932154196,1.028843316,1.002249495
0.948,0.93211167,1.029050587,1.000839101
0.949,0.932058858,1.029584015,0.99989953
0.95,0.931805226,1.029532078,0.999654214
0.951,0.931830428,1.02949371,0.999922278
0.952,0.931991033,1.029608553,0.999730364
0.953,0.931982771,1.029423753,0.999886103
0.954,0.931928393,1.029614667,0.998520781
0.955,0.931821769,1.02960609,0.99769593
0.956,0.931759685,1.029218915,0.997400415
0.957,0.931724282,1.029157623,0.996982295
0.958,0.93188438,1.029396964,0.996227239
0.959,0.931915298,1.029571064,0.995949097
0.96,0.93199609,1.02959546,0.997338388
0.961,0.931958992,1.029521866,0.997905706
0.962,0.931916071,1.029111796,0.997482285
0.963,0.931947803,1.029434755,0.996498453
0.964,0.931904125,1.02982567,0.996242617
0.965,0.931898498,1.029909952,0.995500423
0.966,0.93177255,1.030094167,0.994802756
0.967,0.931830309,1.030357173,0.993967205
0.968,0.931687034,1.030327444,0.993911893
0.969,0.931555025,1.030727088,0.993430557
0.97,0.93177244,1.030538022,0.994098393
0.971,0.932078862,1.030224896,0.994194536
0.972,0.932063668,1.030135972,0.994556268
0.973,0.932135056,1.0301373,0.994740093
0.974,0.932265743,1.030138565,0.994520871
0.975,0.932275818,1.029801662,0.995230997
0.976,0.932513026,1.029346019,0.994549052
0.977,0.932613847,1.028562782,0.994405409
0.978,0.932723862,1.027597153,0.99488781
0.979,0.932777309,1.027919254,0.994747181
0.98,0.9329153,1.028041209,0.99464862
0.981,0.932934707,1.028056341,0.99500594
0.982,0.933035762,1.028251429,0.993886512
0.983,0.933215052,1.028145151,0.993805629
0.984,0.933358329,1.028131471,0.993167922
0.985,0.933700718,1.027586707,0.992566698
0.986,0.933751125,1.027189995,0.991474109
0.987,0.933870356,1.027225592,0.990720047
0.988,0.933761483,1.026938656,0.989569941
0.989,0.933907703,1.026721929,0.988226075
0.99,0.933959658,1.026812447,0.98781828
0.991,0.933912172,1.026565771,0.988011494
0.992,0.933888529,1.02658835,0.988867336
0.993,0.933681433,1.026847362,0.988779514
0.994,0.933493231,1.0267455,0.989084905
0.995,0.93328794,1.026654173,0.988927003
0.996,0.933265459,1.025828739,0.988912574
0.997,0.933023868,1.025223235,0.989396461
0.998,0.932858911,1.024421987,0.989029462
0.999,0.932976467,1.02447402,0.989557992
1,0.933167757,1.024716146,0.989489975
